-0.0033058470764619208, 40.068965517241374
0.017331334332833404, 40.137931034482754
0.0358095952023986, 40.137931034482754
0.05102698650674645, 40.137931034482754
0.06624437781109427, 40.137931034482754
0.08147676161919021, 40.068965517241374
0.10428785607196389, 40.137931034482754
0.12167916041978993, 40.137931034482754
0.14343328335832067, 40.068965517241374
0.15860569715142414, 40.275862068965516
0.1770989505247375, 40.206896551724135
0.1944752623688154, 40.275862068965516
0.19571214392803588, 39.58620689655172
0.1958920539730134, 38.758620689655174
0.19715892053972994, 37.93103448275862
0.1984407796101948, 37.03448275862069
0.19973763118440768, 36.06896551724138
0.20103448275862057, 35.103448275862064
0.20127436281859057, 34
0.2036431784107945, 33.103448275862064
0.20385307346326825, 32.13793103448276
0.20732383808095944, 31.17241379310345
0.21080959520239867, 30.137931034482758
0.21428035982008986, 29.172413793103452
0.21559220389805084, 28.13793103448276
0.2168740629685157, 27.24137931034483
0.22143178410794595, 26.27586206896552
0.2270764617691154, 25.31034482758621
0.22952023988005987, 24.06896551724138
0.23729385307346318, 23.31034482758621
0.24393553223388303, 22.758620689655174
0.2494752623688155, 22.27586206896552
0.25605697151424284, 22.000000000000004
0.2649025487256371, 21.31034482758621
0.2737181409295351, 20.758620689655174
0.27928785607196394, 20.137931034482758
0.288103448275862, 19.586206896551726
0.29800599700149916, 19.034482758620694
0.3089955022488755, 18.48275862068966
0.3199400299850075, 18.13793103448276
0.32868065967016485, 17.931034482758623
0.33837331334332826, 18.3448275862069
0.34261619190404796, 18.827586206896555
0.34464017991004486, 19.51724137931035
0.34559220389805095, 20.137931034482758
0.3476311844077961, 20.758620689655174
0.35425787106446766, 20.275862068965523
0.3640254872563718, 20.3448275862069
0.3749100449775112, 20.275862068965523
0.3857346326836581, 20.48275862068966
0.39222638680659666, 20.620689655172416
0.3978110944527736, 19.931034482758623
0.40664167916041977, 19.31034482758621
0.41225637181409297, 18.48275862068966
0.42104197901049484, 18.06896551724138
0.43310344827586217, 17.58620689655173
0.44620689655172413, 17.310344827586214
0.45819340329835084, 17.17241379310345
0.4755697151424288, 17.241379310344833
0.490712143928036, 17.58620689655173
0.5036806596701648, 17.931034482758623
0.5144902548725638, 18.20689655172414
0.5274587706146927, 18.551724137931036
0.5404572713643179, 18.758620689655178
0.5523088455772114, 19.241379310344833
0.5630884557721141, 19.655172413793107
0.577143928035982, 20
0.5944602698650676, 20.3448275862069
0.6052248875562218, 20.827586206896555
0.6224962518740629, 21.379310344827587
0.6354197901049476, 21.931034482758623
0.6429085457271364, 22.48275862068966
0.648553223388306, 21.517241379310345
0.6530359820089955, 20.896551724137932
0.6594677661169417, 21.31034482758621
0.663695652173913, 21.862068965517246
0.6646476761619191, 22.48275862068966
0.672256371814093, 22.48275862068966
0.686311844077961, 22.82758620689655
0.6915367316341829, 23.793103448275865
0.6946026986506746, 24.689655172413797
0.6943478260869564, 25.862068965517242
0.696296851574213, 26.896551724137932
0.6949550224887557, 28.06896551724138
0.695832083958021, 29.034482758620687
0.6945202398800601, 30.06896551724138
0.6976161919040478, 30.82758620689655
0.7072488755622188, 31.517241379310345
0.7288380809595203, 32.206896551724135
0.7212593703148427, 32.06896551724138
0.7493553223388305, 32.827586206896555
0.7556821589205398, 33.724137931034484
0.7384857571214394, 32.827586206896555
0.7686056971514243, 34.275862068965516
0.7803973013493253, 35.03448275862069
0.7899999999999998, 35.86206896551724
0.8007196401799099, 36.55172413793103
0.8071064467766118, 37.172413793103445
0.8134782608695652, 37.86206896551724
0.8165742128935531, 38.62068965517241
0.8217691154422788, 39.72413793103448
0.819640179910045, 39.51724137931034
0.825952023988006, 40.48275862068965
0.8379085457271367, 40.48275862068965
0.8531259370314843, 40.48275862068965
0.8781259370314844, 40.48275862068965
0.8955322338830587, 40.41379310344827
0.915097451274363, 40.41379310344827
0.9335607196401801, 40.48275862068965
0.949880059970015, 40.41379310344827
0.9683433283358323, 40.48275862068965
0.9792278860569716, 40.41379310344827
0.9933433283358322, 40.48275862068965
0.9989730134932535, 39.58620689655172
0.999257871064468, 38.275862068965516
0.9983658170914544, 37.37931034482759
0.9986056971514246, 36.275862068965516
1.0010644677661171, 34.96551724137931
0.9991904047976015, 33.58620689655172
1.002721139430285, 32.3448275862069
0.9986581709145428, 31.03448275862069
0.9978560719640182, 29.724137931034484
0.9991829085457271, 28.620689655172413
0.9994227886056972, 27.517241379310345
1.0017916041979011, 26.620689655172416
1.0021364317841082, 25.03448275862069
1.0035382308845577, 23.586206896551726
1.0049100449775115, 22.27586206896552
1.0030209895052475, 20.965517241379313
1.0010869565217393, 19.862068965517242
1.0014017991004498, 18.413793103448278
1.0005847076461771, 17.17241379310345
1.0018515742128937, 16.3448275862069
1.0021064467766119, 15.172413793103452
1.0003073463268368, 13.448275862068975
1.0027511244377811, 12.206896551724142
1.0041079460269868, 10.965517241379317
1.0032458770614694, 9.931034482758626
1.0035307346326838, 8.62068965517242
1.0027436281859072, 7.241379310344833
1.0062593703148428, 6.068965517241388
1.0065442278860572, 4.7586206896551815
1.0067391304347828, 3.8620689655172526
1.0047751124437783, 2.896551724137943
1.004985007496252, 1.9310344827586263
1.005209895052474, 0.8965517241379359
1.0075787106446779, 1.4210854715202004e-14
0.9793478260869568, -0.13793103448275446
0.959752623688156, 1.4210854715202004e-14
0.9260719640179913, -0.06896551724137368
0.8891154422788607, -0.06896551724137368
0.8619265367316342, 1.4210854715202004e-14
0.8304047976011995, 1.4210854715202004e-14
0.8054197901049476, -0.06896551724137368
0.7847676161919042, -0.06896551724137368
0.7608545727136433, -0.06896551724137368
0.7325787106446777, 1.4210854715202004e-14
0.6988980509745129, -0.06896551724137368
0.6586656671664168, 1.4210854715202004e-14
0.634752623688156, 1.4210854715202004e-14
0.6032308845577212, 1.4210854715202004e-14
0.5793178410794604, 1.4210854715202004e-14
0.5564917541229386, 1.4210854715202004e-14
0.5325937031484258, -0.06896551724137368
0.4956371814092953, -0.06896551724137368
0.4673463268365818, 0.06896551724138789
0.4227811094452774, 0.06896551724138789
0.3977961019490254, 1.4210854715202004e-14
0.36192653673163416, 1.4210854715202004e-14
0.3325637181409296, 0.06896551724138789
0.30431784107946025, 1.4210854715202004e-14
0.2836656671664168, 1.4210854715202004e-14
0.25757871064467763, 1.4210854715202004e-14
0.2336656671664168, 1.4210854715202004e-14
0.19562218890554722, 1.4210854715202004e-14
0.15650674662668657, -0.06896551724137368
0.13911544227886058, -0.06896551724137368
0.1206371814092953, -0.06896551724137368
0.10107196401799096, -0.06896551724137368
0.07607196401799093, -0.06896551724137368
0.05544977511244373, -0.20689655172412813
0.02499999999999994, -0.13793103448275446
0.006506746626686599, -0.06896551724137368
0.0008770614692653056, 0.8275862068965623
0.0004422788605696615, 2.8275862068965623
0.00009745127436275314, 4.413793103448285
-0.0002623688155922732, 6.068965517241388
-0.0015592203898051604, 7.0344827586206975
-0.002886056971514339, 8.137931034482762
-0.0020089955022489503, 9.103448275862078
-0.002338830584707713, 10.62068965517242
-0.0015217391304348793, 11.862068965517246
-0.000719640179910136, 13.172413793103452
-0.003163418290854647, 14.413793103448278
-0.004580209895052589, 15.931034482758626
-0.001589205397301452, 17.17241379310345
-0.0018590704647677148, 18.413793103448278
-0.004377811094452871, 20
-0.0047826086956522795, 21.862068965517246
-0.002938530734632794, 23.37931034482759
-0.006439280359820221, 24.482758620689655
-0.0035682158920541107, 26.27586206896552
-0.005044977511244497, 28.06896551724138
-0.0031409295352325395, 29.31034482758621
-0.0034107946026988023, 30.551724137931032
-0.005809595202398932, 31.586206896551726
-0.003980509745127592, 33.172413793103445
-0.00654422788605713, 34.96551724137931
-0.005712143928036151, 36.137931034482754
-0.00927286356821605, 37.51724137931034
-0.006206896551724295, 38.41379310344827
-0.0064317841079462035, 39.44827586206896
0.01651424287856057, 38.89655172413793
0.041514242878560564, 38.89655172413793
0.06870314842578693, 38.82758620689655
0.08503748125937016, 38.689655172413794
0.1067916041979009, 38.62068965517241
0.06467016491754107, 37.37931034482759
0.017931034482758457, 37.37931034482759
0.017113943028485595, 36.137931034482754
0.04436281859070451, 35.79310344827586
0.06059220389805081, 36.137931034482754
0.08224137931034464, 36.55172413793103
0.09517991004497739, 37.03448275862069
0.12449775112443773, 37.172413793103445
0.14311094452773598, 36.55172413793103
0.14439280359820078, 35.6551724137931
0.12928035982008984, 35.172413793103445
0.11081709145427271, 35.103448275862064
0.08794602698650661, 35.310344827586206
0.08143928035981995, 35.241379310344826
0.049962518740629513, 35.03448275862069
0.032616191904047825, 34.827586206896555
0.02521739130434769, 33.86206896551724
0.02643928035981996, 33.241379310344826
0.042863568215891906, 32.689655172413794
0.0582158920539729, 32.06896551724138
0.038950524737631054, 30.689655172413794
0.030359820089954886, 30.20689655172414
0.05553973013493238, 29.379310344827587
0.03289355322338819, 28.551724137931036
0.02327586206896537, 27.793103448275865
0.02686656671664156, 26.27586206896552
0.0344902548725636, 26.206896551724142
0.07890554722638671, 26.896551724137932
0.05381559220389792, 27.310344827586206
0.07534482758620678, 28.27586206896552
0.08171664167916026, 28.96551724137931
0.07720389805097438, 29.724137931034484
0.07700899550224871, 30.620689655172416
0.0930434782608694, 31.862068965517242
0.08853073463268352, 32.62068965517241
0.13502998500749613, 33.724137931034484
0.15255622188905538, 33.103448275862064
0.16245877061469255, 32.55172413793103
0.12661919040479747, 32.41379310344827
0.11508245877061457, 30.482758620689655
0.10110194902548714, 29.79310344827586
0.10668665667166405, 29.10344827586207
0.10893553223388291, 28.75862068965517
0.12200899550224875, 28.620689655172413
0.16082458770614683, 30.06896551724138
0.17270614692653669, 30.413793103448274
0.1891304347826086, 29.862068965517242
0.2002398800599699, 28.75862068965517
0.18189655172413782, 28.13793103448276
0.15804347826086945, 27.862068965517242
0.13106446776611685, 26.96551724137931
0.12248875562218875, 26.413793103448278
0.10191154422788595, 26.068965517241377
0.07730134932533722, 24.27586206896552
0.05246626686656658, 23.51724137931035
0.033883058470764504, 24
0.02666416791604187, 22.206896551724142
0.034332833583208294, 21.931034482758623
0.059392803598200816, 21.655172413793107
0.09174662668665656, 22.82758620689655
0.10133433283358312, 23.724137931034484
0.1142878560719639, 24.137931034482758
0.13709895052473753, 24.20689655172414
0.1512293853073462, 24.20689655172414
0.17823838080959514, 24.965517241379313
0.19644677661169407, 26.206896551724142
0.21005997001499244, 23.586206896551726
0.20142428785607186, 23.31034482758621
0.16132683658170904, 22.758620689655174
0.13428785607196392, 22.13793103448276
0.1127286356821588, 21.31034482758621
0.09328335832083945, 20.758620689655174
0.06615442278860559, 20.55172413793104
0.047736131934032894, 20.275862068965523
0.03488755622188894, 19.37931034482759
0.027413793103448186, 18.758620689655178
0.025329835082458646, 18.3448275862069
0.025449775112443646, 17.793103448275865
0.06554722638680649, 18.3448275862069
0.07303598200899539, 18.896551724137936
0.10223388305847064, 19.586206896551726
0.1264767616191903, 18.06896551724138
0.14876311844077955, 20.55172413793104
0.1695802098950524, 19.793103448275865
0.10434782608695647, 19.862068965517242
0.152278860569715, 19.37931034482759
0.1648200899550224, 16.689655172413797
0.10411544227886049, 15.931034482758626
0.09078710644677651, 17.241379310344833
0.045779610194902454, 14.275862068965523
0.02299850074962509, 14.06896551724138
0.03441529235382301, 16.55172413793104
0.05846326836581697, 15.931034482758626
0.06511994002998492, 15.310344827586214
0.08598200899550212, 14.344827586206904
0.0925787106446776, 14.000000000000007
0.134775112443778, 14.896551724137936
0.14434782608695645, 15.862068965517246
0.17588455772113942, 15.793103448275868
0.1944377811094452, 15.448275862068968
0.21143928035982001, 17.241379310344833
0.2135232383808095, 17.655172413793107
0.19368815592203892, 18.896551724137936
0.20430284857571207, 20.06896551724138
0.2062518740629684, 21.10344827586207
0.22356821589205395, 21.448275862068968
0.2333658170914542, 21.379310344827587
0.24979010494752618, 20.827586206896555
0.2676761619190404, 18.551724137931036
0.2742728635682158, 18.20689655172414
0.22522488755622178, 18.827586206896555
0.2674962518740629, 19.37931034482759
0.29415292353823086, 16.758620689655174
0.25046476761619185, 17.724137931034488
0.2543028485757121, 20.06896551724138
0.2380884557721139, 19.655172413793107
0.25688155922038974, 18.20689655172414
0.2659670164917541, 16.41379310344828
0.24335082458770613, 15.448275862068968
0.2325412293853073, 15.172413793103452
0.2236356821589205, 16.13793103448276
0.17968515742128927, 13.310344827586206
0.17965517241379303, 13.448275862068975
0.13494002998500737, 14.137931034482762
0.09952023988005992, 12.068965517241388
0.08534482758620682, 12.275862068965523
0.07008245877061461, 12.482758620689658
0.045112443778110856, 12.344827586206904
0.034317841079460176, 12.000000000000007
0.019430284857571117, 10.482758620689658
0.02167916041979001, 10.137931034482762
0.03691154422788598, 10.068965517241388
0.08567466266866558, 10.758620689655174
0.0562368815592203, 11.172413793103452
0.06182158920539724, 10.482758620689658
0.07943778110944522, 9.448275862068968
0.10122188905547219, 9.241379310344833
0.1217841079460269, 9.65517241379311
0.12800599700149912, 11.03448275862069
0.12882308845577206, 12.275862068965523
0.1384707646176911, 12.896551724137936
0.16671664167916034, 12.965517241379317
0.16390554722638673, 10.896551724137936
0.13443778110944526, 11.448275862068968
0.1615817091454272, 11.58620689655173
0.1952923538230884, 11.517241379310349
0.20723388305847074, 11.58620689655173
0.22323838080959518, 12.965517241379317
0.22212143928035977, 13.103448275862071
0.2132008995502248, 14.137931034482762
0.20687406296851574, 13.241379310344833
0.2419865067466267, 11.724137931034484
0.25380809595202397, 12.344827586206904
0.2621889055472264, 13.793103448275865
0.24253373313343324, 14.206896551724142
0.27290854572713635, 14.482758620689658
0.2939505247376311, 12.6896551724138
0.3108920539730135, 14.758620689655174
0.31502998500749624, 15.724137931034484
0.2965217391304347, 15.862068965517246
0.34415292353823074, 16.758620689655174
0.3580284857571214, 17.931034482758623
0.3642653673163418, 19.241379310344833
0.3936131934032983, 19.241379310344833
0.36660419790104953, 18.48275862068966
0.39622188905547223, 17.241379310344833
0.37428785607196396, 18.13793103448276
0.36157421289355324, 16.620689655172416
0.3389580209895053, 15.65517241379311
0.3413568215892054, 14.62068965517242
0.33288605697151424, 13.58620689655173
0.36226386806596705, 13.448275862068975
0.3752173913043478, 13.862068965517246
0.37715142428785614, 14.965517241379317
0.3660869565217391, 15.862068965517246
0.3606971514242879, 15.65517241379311
0.3640929535232384, 15.034482758620697
0.3988905547226386, 14.965517241379317
0.4196026986506746, 14.689655172413794
0.43820089955022495, 14.137931034482762
0.45124437781109444, 14.137931034482762
0.45970014992503755, 15.241379310344833
0.45310344827586196, 15.58620689655173
0.43679910044977505, 15.58620689655173
0.4280284857571213, 15.931034482758626
0.40188155922038976, 16.206896551724142
0.3921289355322339, 16.068965517241384
0.3813493253373314, 15.65517241379311
0.40793103448275864, 13.379310344827594
0.38516491754122933, 13.103448275862071
0.42892803598200896, 11.793103448275865
0.4376086956521739, 11.862068965517246
0.4482533733133434, 12.896551724137936
0.4330209895052473, 12.965517241379317
0.4157346326836581, 12.482758620689658
0.3758020989505247, 11.172413793103452
0.36709145427286355, 11.241379310344833
0.3181784107946027, 11.241379310344833
0.3138755622188905, 11.03448275862069
0.286671664167916, 11.172413793103452
0.2803148425787106, 10.413793103448285
0.25967766116941526, 10.344827586206904
0.2520989505247376, 10.206896551724142
0.23582458770614684, 10.068965517241388
0.2087106446776611, 9.793103448275872
0.14907796101949022, 9.103448275862078
0.12869565217391293, 7.8620689655172455
0.10251874062968508, 8.275862068965523
0.0732008995502248, 8.137931034482762
0.06012743628185899, 8.275862068965523
0.03399550224887549, 8.482758620689665
0.02098200899550215, 8.344827586206904
0.006094452773613118, 6.827586206896555
0.014925037481259285, 6.2068965517241494
0.0322113943028485, 6.689655172413801
0.06255622188905544, 7.103448275862071
0.05170164917541223, 7.0344827586206975
0.03414542728635675, 7.793103448275872
0.020524737631184342, 5.448275862068975
0.018470764617691093, 4.896551724137943
0.027271364317840996, 4.413793103448285
0.03718890554722634, 3.7931034482758648
0.024235382308845504, 3.3793103448275943
0.018860569715142383, 3.1034482758620783
0.01789355322338826, 2.5517241379310462
0.01481259370314833, 1.724137931034491
0.028943028485757027, 1.724137931034491
0.052856071964017926, 1.724137931034491
0.05374812593703143, 2.62068965517242
0.03753373313343322, 2.2068965517241423
0.045667166416791555, -0.20689655172412813
0.015037481259370239, 0.6896551724138007
0.03673163418290848, 0.8965517241379359
0.06825337331334327, 0.8965517241379359
0.07907796101949022, 1.1034482758620783
0.0942203898050974, 1.448275862068968
0.10053223388305843, 2.4137931034482847
0.07553223388305838, 2.4137931034482847
0.07121439280359815, 2.275862068965523
0.06544977511244374, 3.7931034482758648
0.10228635682158915, 4.344827586206897
0.10565217391304343, 3.8620689655172526
0.0910569715142428, 6.000000000000007
0.06637181409295345, 4.551724137931039
0.06523988005996995, 4.7586206896551815
0.04223388305847067, 5.5862068965517295
0.035967016491754045, 4.413793103448285
0.053523238380809524, 3.6551724137931103
0.05758620689655167, 4.965517241379317
0.08927286356821579, 4.206896551724142
0.08179910044977506, 3.5862068965517366
0.08133433283358316, 5.724137931034491
0.06703898050974505, 6.4827586206896655
0.1485007496251874, 6.7586206896551815
0.1246776611694152, 6.344827586206904
0.10979010494752622, 4.827586206896555
0.13368815592203898, 4.896551724137943
0.1264092953523238, 3.3793103448275943
0.1134107946026986, 3.172413793103459
0.11251874062968514, 2.275862068965523
0.10943778110944524, 1.448275862068968
0.11056971514242875, 1.2413793103448327
0.12693403298350825, 0.9655172413793167
0.14757121439280357, 1.0344827586206975
0.17684407796101942, 1.3793103448275943
0.1909445277361319, 1.5172413793103559
0.19737631184407795, 1.9310344827586263
0.17967016491754118, 3.3793103448275943
0.16661169415292354, 3.448275862068975
0.15044227886056966, 2.8275862068965623
0.13312593703148423, 2.4827586206896584
0.13534482758620686, 2.275862068965523
0.1570989505247376, 2.2068965517241423
0.19386056971514243, 3.1034482758620783
0.19704647676161918, 3.448275862068975
0.20116941529235383, 4.4827586206896655
0.18803598200899546, 4.896551724137943
0.1825712143928036, 5.0344827586206975
0.15322338830584703, 5.0344827586206975
0.15849325337331333, 5.793103448275865
0.16712893553223385, 6.068965517241388
0.18329835082458762, 6.689655172413801
0.18751124437781103, 7.3103448275862135
0.16775112443778106, 8.206896551724142
0.16873313343328328, 8.689655172413794
0.18701649175412288, 9.58620689655173
0.20019490254872563, 8.96551724137931
0.20485757121439274, 7.517241379310356
0.20404047976011985, 6.275862068965523
0.21391304347826084, 5.8620689655172455
0.21964767616191905, 4.4827586206896655
0.21697151424287853, 1.7931034482758719
0.22322338830584698, 3.0344827586206975
0.21892053973013487, 2.8275862068965623
0.2452773613193403, 1.5862068965517366
0.22260119940029982, 0.8965517241379359
0.27143928035982007, 1.2413793103448327
0.272496251874063, 1.3793103448275943
0.2320989505247376, 2.2068965517241423
0.25691904047976005, 3.0344827586206975
0.2690254872563718, 2.344827586206904
0.2842428785607196, 2.344827586206904
0.31253373313343324, 2.2068965517241423
0.32772113943028486, 2.344827586206904
0.30895802098950526, 3.6551724137931103
0.30895802098950526, 3.6551724137931103
0.269527736131934, 5.0344827586206975
0.26839580209895053, 5.241379310344833
0.24332083958020995, 5.5862068965517295
0.23428035982008993, 7.172413793103452
0.22857571214392802, 8.413793103448278
0.24696401799100448, 8.827586206896562
0.24949775112443778, 7.172413793103452
0.26042728635682155, 6.896551724137936
0.2799775112443778, 6.965517241379317
0.2752998500749625, 8.482758620689665
0.2926161919040479, 8.827586206896562
0.3045577211394303, 8.896551724137936
0.3219190404797601, 9.034482758620697
0.3145802098950525, 7.793103448275872
0.30392053973013494, 6.827586206896555
0.30637931034482757, 5.517241379310349
0.30862818590704644, 5.172413793103459
0.2804422788605697, 4.827586206896555
0.2784632683658171, 3.9310344827586263
0.2904347826086957, 3.8620689655172526
0.25133433283358314, 3.724137931034491
0.24256371814092953, 4.068965517241381
0.23380809595202395, 4.344827586206897
0.353935532233883, 6.7586206896551815
0.3480959520239881, 8.62068965517242
0.36192653673163416, 10
0.37054722638680665, 10.344827586206904
0.3475862068965518, 10.965517241379317
0.34011244377811095, 10.344827586206904
0.3380734632683658, 9.724137931034484
0.3364392803598201, 7.241379310344833
0.33216641679160414, 6.896551724137936
0.33470014992503744, 5.241379310344833
0.3229685157421289, 4.206896551724142
0.3546101949025487, 3.6551724137931103
0.36552473763118437, 3.448275862068975
0.34724137931034477, 2.5517241379310462
0.33538980509745125, 2.068965517241388
0.32679910044977506, 1.5862068965517366
0.3236281859070465, 1.172413793103452
0.3464692653673163, 1.1034482758620783
0.3660194902548725, 1.172413793103452
0.39749625187406296, 1.3793103448275943
0.41485757121439276, 1.5172413793103559
0.4288980509745128, 1.9310344827586263
0.4091829085457272, 2.62068965517242
0.391791604197901, 2.62068965517242
0.36576461769115437, 2.344827586206904
0.36353073463268365, 2.62068965517242
0.39248875562218893, 4.413793103448285
0.39458770614692656, 4.7586206896551815
0.43272113943028495, 4.344827586206897
0.42916041979010494, 5.724137931034491
0.3771814092953523, 4.827586206896555
0.3610719640179911, 3.9310344827586263
0.3575862068965517, 4.965517241379317
0.39318590704647666, 6.2068965517241494
0.39842578710644677, 7.103448275862071
0.3722038980509745, 7.724137931034491
0.3884782608695652, 7.8620689655172455
0.3882383808095951, 8.96551724137931
0.3880734632683657, 9.724137931034484
0.3956221889055472, 10
0.41621439280359823, 10.275862068965516
0.39633433283358327, 11.724137931034484
0.42946776611694143, 9.310344827586214
0.412136431784108, 9.034482758620697
0.4187781109445277, 8.482758620689665
0.39845577211394295, 6.965517241379317
0.42902548725637185, 6.344827586206904
0.45751124437781115, 5.3103448275862135
0.45977511244377817, 4.896551724137943
0.4534932533733133, 3.7931034482758648
0.4526311844077961, 2.7586206896551744
0.46470764617691157, 2.2068965517241423
0.47230134932533724, 2.275862068965523
0.4972863568215892, 2.344827586206904
0.4902998500749625, 4.4827586206896655
0.48133433283358323, 5.724137931034491
0.4764242878560721, 3.3103448275862135
0.520824587706147, 4.068965517241381
0.5270464767616192, 5.448275862068975
0.5018815592203898, 6.2068965517241494
0.49955772113943026, 6.896551724137936
0.486079460269865, 8.896551724137936
0.4675562218890556, 9.103448275862078
0.44925787106446785, 8.275862068965523
0.46278860569715147, 11.03448275862069
0.45620689655172414, 11.310344827586206
0.4731484257871064, 13.379310344827594
0.4795052473763119, 14.137931034482762
0.48794602698650674, 15.310344827586214
0.482376311844078, 15.931034482758626
0.5017616191904049, 16.758620689655174
0.5158770614692654, 16.827586206896555
0.5270314842578712, 15.517241379310349
0.5098350824587705, 14.62068965517242
0.5057121439280359, 13.58620689655173
0.4938605697151424, 13.103448275862071
0.4725562218890555, 11.103448275862078
0.5204122938530735, 10.965517241379317
0.5569790104947527, 12.758620689655174
0.5104047976011994, 12.000000000000007
0.49533733133433283, 11.310344827586206
0.488575712143928, 12.413793103448285
0.5427136431784108, 13.379310344827594
0.5491154422788607, 13.931034482758626
0.5225787106446778, 16.000000000000004
0.5051124437781109, 16.3448275862069
0.549407796101949, 17.58620689655173
0.5517766116941529, 16.689655172413797
0.5704947526236881, 15.58620689655173
0.5662818590704648, 14.965517241379317
0.5358920539730134, 14.758620689655174
0.5232533733133435, 12.896551724137936
0.5352998500749626, 12.482758620689658
0.5397976011994003, 11.793103448275865
0.5325187406296852, 10.275862068965516
0.5337706146926537, 9.517241379310356
0.5208620689655172, 8.896551724137936
0.5405172413793105, 8.482758620689665
0.5786056971514244, 8.275862068965523
0.6002698650674663, 8.62068965517242
0.5793778110944527, 9.724137931034484
0.5653673163418291, 9.172413793103452
0.5520689655172415, 10.344827586206904
0.5573238380809595, 11.172413793103452
0.5788830584707645, 12.000000000000007
0.5884407796101949, 13.03448275862069
0.5784482758620688, 14.000000000000007
0.5913418290854573, 14.689655172413794
0.5940929535232384, 17.03448275862069
0.5710569715142431, 18.000000000000004
0.5764767616191904, 18.06896551724138
0.6088905547226386, 18.965517241379313
0.6457571214392803, 19.37931034482759
0.6368665667166418, 20.275862068965523
0.5806296851574213, 18.965517241379313
0.571904047976012, 19.10344827586207
0.6075337331334334, 20.206896551724142
0.6145952023988006, 17.724137931034488
0.579872563718141, 17.44827586206897
0.561559220389805, 16.689655172413797
0.611874062968516, 15.241379310344833
0.6417691154422789, 17.724137931034488
0.6600074962518743, 18.827586206896555
0.6709670164917543, 18.413793103448278
0.6614242878560721, 17.310344827586214
0.6266566716641679, 17.241379310344833
0.6230284857571213, 13.931034482758626
0.6122338830584708, 13.58620689655173
0.6069790104947526, 12.758620689655174
0.6164092953523237, 9.379310344827594
0.6031859070464769, 10.206896551724142
0.6061919040479762, 11.379310344827594
0.6425862068965518, 8.96551724137931
0.6292728635682161, 10.206896551724142
0.6516791604197902, 12.137931034482762
0.6536731634182911, 12.965517241379317
0.651064467766117, 14.965517241379317
0.6300374812593703, 16.689655172413797
0.6346101949025489, 15.65517241379311
0.6616341829085457, 16.3448275862069
0.6843853073463269, 16.689655172413797
0.7059145427286357, 17.655172413793107
0.6914242878560719, 19.31034482758621
0.6847226386806597, 20.137931034482758
0.6791379310344827, 20.827586206896555
0.6888605697151426, 21.10344827586207
0.7233883058470765, 22.27586206896552
0.7029160419790104, 21.448275862068968
0.7141304347826087, 19.862068965517242
0.7002098950524738, 18.896551724137936
0.713553223388306, 17.51724137931035
0.6954197901049475, 15.931034482758626
0.6881259370314843, 14.482758620689658
0.6763043478260871, 13.862068965517246
0.6309820089955023, 12.344827586206904
0.6392878560719641, 14.137931034482762
0.6619490254872564, 14.896551724137936
0.647016491754123, 13.58620689655173
0.690097451274363, 10.413793103448285
0.647961019490255, 9.241379310344833
0.6287106446776611, 7.793103448275872
0.6114092953523238, 7.379310344827587
0.5887781109445278, 6.4827586206896655
0.5609070464767616, 4.689655172413801
0.5512743628185908, 4.000000000000007
0.5075862068965518, 4.965517241379317
0.5178185907046478, 2.896551724137943
0.5181184407796102, 1.5172413793103559
0.5323538230884557, 1.0344827586206975
0.5497451274362819, 1.0344827586206975
0.48668665667166416, 1.1034482758620783
0.46592953523238384, 1.5862068965517366
0.439992503748126, 0.8965517241379359
0.4595877061469265, 0.7586206896551815
0.5332908545727137, 1.724137931034491
0.5516341829085458, 2.344827586206904
0.5558320839580211, 3.0344827586206975
0.588665667166417, 2.000000000000007
0.6103598200899549, 2.2068965517241423
0.6034632683658172, 3.9310344827586263
0.5882308845577213, 4.000000000000007
0.5690704647676161, 2.1379310344827687
0.5887706146926537, 1.5172413793103559
0.6116266866566717, 1.3793103448275943
0.6333058470764619, 1.6551724137931103
0.6429385307346327, 2.344827586206904
0.6372188905547227, 3.6551724137931103
0.6261544227886058, 4.551724137931039
0.6227586206896554, 5.172413793103459
0.6041004497751126, 6.000000000000007
0.5946026986506747, 4.689655172413801
0.5569640179910045, 2.8275862068965623
0.6036131934032984, 3.2413793103448327
0.6253823088455772, 3.1034482758620783
0.663200899550225, 4.137931034482769
0.6683058470764618, 5.65517241379311
0.6463868065967018, 6.4827586206896655
0.6444827586206898, 5.241379310344833
0.6832833583208398, 6.7586206896551815
0.6798425787106448, 7.5862068965517295
0.653680659670165, 7.931034482758626
0.6537556221889056, 7.5862068965517295
0.6690629685157421, 7.172413793103452
0.6750899550224889, 9.448275862068968
0.6801649175412294, 11.103448275862078
0.6973463268365816, 12.068965517241388
0.7198725637181409, 13.448275862068975
0.6861169415292354, 13.724137931034491
0.6658695652173914, 11.862068965517246
0.6934332833583208, 10.068965517241388
0.7153223388305847, 9.379310344827594
0.7185982008995502, 9.310344827586214
0.6476461769115442, 10.6896551724138
0.6639955022488755, 10.482758620689658
0.6694602698650676, 10.344827586206904
0.7277886056971514, 7.0344827586206975
0.6936206896551724, 4.206896551724142
0.6751124437781111, 4.344827586206897
0.6911619190404799, 5.517241379310349
0.7040854572713644, 6.068965517241388
0.6960269865067468, 8.137931034482762
0.7013268365817091, 8.758620689655181
0.727968515742129, 6.2068965517241494
0.7131559220389807, 4.344827586206897
0.6949475262368816, 3.1034482758620783
0.6743403298350825, 2.896551724137943
0.6613718140929536, 2.5517241379310462
0.6495952023988008, 1.724137931034491
0.6801949025487257, 0.9655172413793167
0.6921664167916044, 0.8965517241379359
0.7095127436281861, 1.1034482758620783
0.7496251874062969, 1.5862068965517366
0.765584707646177, 3.172413793103459
0.7288980509745129, 1.9310344827586263
0.7245202398800601, 2.068965517241388
0.664872563718141, 1.448275862068968
0.6605247376311845, 1.448275862068968
0.7090629685157424, 3.172413793103459
0.7413868065967018, 4.4827586206896655
0.7554272863568217, 4.896551724137943
0.7704347826086957, 5.8620689655172455
0.7611544227886058, 8.55172413793104
0.7473988005997001, 6.827586206896555
0.7810044977511246, 7.241379310344833
0.789625187406297, 7.5862068965517295
0.7738680659670165, 10.068965517241388
0.7553898050974515, 10.068965517241388
0.7446101949025488, 9.65517241379311
0.7181484257871065, 11.379310344827594
0.7625337331334334, 12.206896551724142
0.7366116941529237, 11.448275862068968
0.7384557721139431, 12.965517241379317
0.7664467766116942, 14.206896551724142
0.7401199400299852, 15.310344827586214
0.7314242878560722, 15.310344827586214
0.7455547226386807, 15.310344827586214
0.7916866566716643, 13.103448275862071
0.7981334332833583, 13.448275862068975
0.7955847076461771, 15.172413793103452
0.7835382308845578, 15.58620689655173
0.783208395802099, 17.103448275862075
0.7950000000000002, 17.862068965517246
0.7592953523238382, 17.103448275862075
0.749152923538231, 18.758620689655178
0.7436131934032983, 19.241379310344833
0.7357796101949026, 20.275862068965523
0.7377886056971514, 21.03448275862069
0.7496551724137932, 21.448275862068968
0.7669565217391303, 21.862068965517246
0.7889505247376312, 20.689655172413797
0.7860344827586208, 19.10344827586207
0.7828185907046479, 18.896551724137936
0.7705772113943028, 20.206896551724142
0.7653823088455773, 19.10344827586207
0.7720089955022489, 18.62068965517242
0.8217541229385308, 19.793103448275865
0.8159445277361321, 21.517241379310345
0.8038680659670165, 22.06896551724138
0.7732233883058472, 23.03448275862069
0.7710044977511246, 23.241379310344833
0.7512893553223388, 23.931034482758623
0.7296851574212895, 23.31034482758621
0.7274812593703148, 23.448275862068968
0.706544227886057, 24.758620689655174
0.7086431784107947, 25.10344827586207
0.7346551724137931, 25.448275862068968
0.7454497751124438, 25.79310344827586
0.7755097451274362, 27.517241379310345
0.7115292353823088, 26.82758620689655
0.7101424287856073, 28.20689655172414
0.7495577211394302, 26.896551724137932
0.7538305847076461, 27.24137931034483
0.7329985007496251, 28.06896551724138
0.7245877061469266, 26.758620689655174
0.7229910044977512, 29.10344827586207
0.7173163418290855, 30.20689655172414
0.7400824587706147, 30.482758620689655
0.7424812593703147, 29.448275862068968
0.7610644677661169, 28.96551724137931
0.7741829085457272, 28.620689655172413
0.7847151424287857, 25.172413793103452
0.7716116941529236, 25.448275862068968
0.7723988005997002, 26.82758620689655
0.79191904047976, 27.03448275862069
0.8104572713643179, 26.758620689655174
0.7899400299850075, 26.13793103448276
0.8140929535232384, 25.03448275862069
0.8325562218890554, 25.10344827586207
0.84832083958021, 27.586206896551722
0.8395052473763118, 28.13793103448276
0.8110794602698652, 28.89655172413793
0.8036056971514243, 28.27586206896552
0.8026236881559221, 27.793103448275865
0.8178260869565217, 27.862068965517242
0.8345202398800602, 26.068965517241377
0.8584032983508247, 26.206896551724142
0.867976011994003, 27.17241379310345
0.8630884557721139, 29.655172413793103
0.8511919040479761, 29.379310344827587
0.8446401799100451, 29.517241379310345
0.8228560719640181, 29.724137931034484
0.7967991004497752, 29.586206896551726
0.7825937031484258, 29.931034482758623
0.7660794602698651, 30.896551724137932
0.7649625187406297, 31.03448275862069
0.7571139430284857, 32.13793103448276
0.7852698650674663, 32.62068965517241
0.7963943028485758, 31.448275862068964
0.7724212893553224, 31.724137931034484
0.7988080959520238, 30.344827586206897
0.8494902548725638, 32.206896551724135
0.7985382308845577, 31.586206896551726
0.809047976011994, 33.241379310344826
0.8159895052473765, 31.310344827586206
0.8237181409295351, 30.758620689655174
0.8429685157421289, 32.206896551724135
0.8350899550224888, 33.44827586206897
0.8222413793103449, 32.55172413793103
0.8173988005997002, 34.827586206896555
0.8065742128935531, 34.62068965517241
0.7828260869565218, 33.86206896551724
0.7816941529235382, 34.06896551724138
0.8376011994002999, 36.89655172413793
0.8365592203898051, 36.689655172413794
0.810697151424288, 35.6551724137931
0.8595802098950527, 35.79310344827586
0.8792953523238383, 35.103448275862064
0.8458095952023987, 34.13793103448276
0.8346251874062969, 35.58620689655172
0.8515967016491754, 37.51724137931034
0.8514467766116942, 38.206896551724135
0.8350674662668667, 38.55172413793103
0.8329085457271366, 38.48275862068965
0.8413043478260869, 39.86206896551724
0.865232383808096, 39.79310344827586
0.8718590704647677, 39.310344827586206
0.8523088455772114, 39.241379310344826
0.8840254872563718, 38.34482758620689
0.86784107946027, 37.79310344827586
0.8745577211394304, 36.89655172413793
0.8865592203898052, 36.689655172413794
0.9115592203898051, 36.689655172413794
0.9012218890554724, 39.241379310344826
0.8957421289355325, 39.44827586206896
0.9058845577211396, 37.79310344827586
0.9341004497751124, 38
0.9327436281859072, 39.241379310344826
0.9272638680659671, 39.44827586206896
0.9565817091454274, 39.58620689655172
0.965352323838081, 39.241379310344826
0.9676911544227889, 38.48275862068965
0.9481859070464769, 38.206896551724135
0.969272863568216, 36.206896551724135
0.9443178410794602, 36
0.9411619190404799, 35.51724137931035
0.9119190404797601, 35.03448275862069
0.9142878560719641, 34.13793103448276
0.9068590704647677, 33.310344827586206
0.9124137931034484, 32.758620689655174
0.8787931034482761, 32.41379310344827
0.8867166416791605, 30.96551724137931
0.90308095952024, 30.689655172413794
0.9537481259370317, 32.62068965517241
0.9344527736131936, 31.379310344827587
0.9344977511244379, 31.17241379310345
0.9743253373313343, 32.96551724137931
0.976409295352324, 33.37931034482759
0.9447826086956521, 33.86206896551724
0.9520539730134934, 30.413793103448274
0.914505247376312, 28.13793103448276
0.8715667166416792, 25.655172413793103
0.8774737631184408, 28.482758620689655
0.8933508245877062, 25.448275862068968
0.8514542728635683, 23.172413793103452
0.8509220389805099, 20.620689655172416
0.8574587706146928, 20.55172413793104
0.9006221889055475, 22.000000000000004
0.9189805097451278, 22.551724137931036
0.8646626686656671, 22.413793103448278
0.8754272863568218, 22.896551724137932
0.8959445277361322, 23.51724137931035
0.9121589205397302, 23.931034482758623
0.9379910044977511, 25.10344827586207
0.9432758620689656, 25.79310344827586
0.947233883058471, 27.586206896551722
0.9600224887556223, 28.75862068965517
0.9223838080959523, 26.896551724137932
0.9582683658170914, 26.82758620689655
0.9694527736131937, 25.379310344827587
0.9674287856071966, 24.689655172413797
0.9502923538230885, 23.51724137931035
0.9657346326836582, 22.48275862068966
0.9420914542728636, 21.24137931034483
0.9034107946026988, 19.172413793103452
0.8697301349325337, 19.10344827586207
0.8546026986506747, 18.689655172413797
0.8330734632683658, 17.724137931034488
0.8323163418290855, 16.206896551724142
0.8735157421289357, 16.689655172413797
0.891994002998501, 16.689655172413797
0.9223388305847078, 17.103448275862075
0.9353673163418292, 17.17241379310345
0.9678410794602701, 17.793103448275865
0.9736206896551725, 16.206896551724142
0.962856071964018, 15.724137931034484
0.930337331334333, 15.310344827586214
0.9077061469265368, 14.413793103448278
0.8783733133433285, 14.344827586206904
0.8468365817091454, 14.413793103448278
0.8081709145427287, 12.275862068965523
0.8049850074962519, 11.931034482758626
0.7976311844077961, 10.758620689655174
0.8087406296851576, 9.65517241379311
0.8262518740629687, 9.103448275862078
0.8415592203898052, 8.689655172413794
0.8782758620689657, 9.793103448275872
0.8400524737631185, 10.62068965517242
0.8388605697151426, 11.103448275862078
0.8559370314842578, 12.55172413793104
0.8692053973013494, 11.517241379310349
0.8866116941529236, 11.448275862068968
0.9005922038980512, 12.137931034482762
0.9254722638680661, 12.6896551724138
0.9691304347826089, 11.862068965517246
0.9778260869565218, 11.862068965517246
0.9773013493253375, 14.275862068965523
0.9523013493253374, 14.275862068965523
0.9503673163418294, 13.172413793103452
0.9411394302848577, 10.62068965517242
0.9379985007496254, 10.068965517241388
0.905809595202399, 8.137931034482762
0.8885082458770617, 7.724137931034491
0.8299625187406299, 7.0344827586206975
0.8045052473763119, 4.137931034482769
0.8010644677661172, 4.965517241379317
0.8106521739130435, 5.8620689655172455
0.8258995502248876, 5.724137931034491
0.8208695652173914, 3.8620689655172526
0.7915817091454274, 3.5862068965517366
0.7745202398800601, 2.068965517241388
0.7865517241379312, 1.724137931034491
0.8169565217391306, 1.8620689655172526
0.8561619190404799, 1.5172413793103559
0.8756371814092956, 1.9310344827586263
0.8795952023988007, 3.724137931034491
0.8600449775112444, 3.6551724137931103
0.8608020989505247, 5.172413793103459
0.8594302848575714, 6.4827586206896655
0.8920539730134935, 6.413793103448278
0.9019565217391305, 5.8620689655172455
0.8814542728635684, 5.172413793103459
0.8835832083958022, 5.379310344827587
0.9014842578710647, 3.0344827586206975
0.9482383808095955, 2.9655172413793167
0.9580959520239882, 2.62068965517242
0.9332758620689658, 1.7931034482758719
0.926754122938531, 1.7931034482758719
0.9273163418290857, 4.206896551724142
0.9465367316341831, 5.793103448275865
0.9387031484257873, 6.827586206896555
0.9234107946026988, 7.172413793103452
0.9311844077961022, 6.413793103448278
0.9838455772113943, 9.172413793103452
0.950344827586207, 8.275862068965523
0.930689655172414, 8.689655172413794
0.916304347826087, 9.862068965517246
0.9009520239880062, 10.482758620689658
0.9700299850074965, 7.724137931034491
0.9713418290854574, 6.689655172413801
0.9815892053973017, 4.551724137931039
0.9838380809595204, 4.206896551724142
0.9484632683658174, 1.9310344827586263
0.9517991004497752, 1.5862068965517366
0.9844227886056973, 1.5172413793103559
0.9952323838080963, 1.7931034482758719
0.9917466266866568, 2.8275862068965623
0.9764542728635683, 3.172413793103459
0.9545352323838081, 4.000000000000007
0.9780134932533735, 6.000000000000007
0.9876011994003, 6.896551724137936
0.9589655172413796, 8.62068965517242
0.9609595202398802, 9.448275862068968
0.9727361319340333, 10.275862068965516
0.9626836581709146, 11.517241379310349
0.9160794602698654, 20.896551724137932
0.9400674662668669, 20.55172413793104
0.951071964017991, 19.931034482758623
0.9284857571214395, 18.827586206896555
0.940457271364318, 18.758620689655178
0.9825187406296854, 20.275862068965523
0.9844527736131936, 21.379310344827587
0.977466266866567, 23.51724137931035
0.9776536731634184, 27.655172413793107
0.9359895052473763, 29.31034482758621
0.9066116941529236, 29.448275862068968
0.8950749625187409, 27.517241379310345
0.9126461769115444, 26.689655172413794
0.8839430284857572, 23.724137931034484
0.8718965517241379, 24.137931034482758
0.8404197901049475, 23.931034482758623
0.8344377811094454, 21.448275862068968
0.8337106446776612, 19.793103448275865
0.8201649175412293, 17.103448275862075
0.8203148425787108, 16.41379310344828
0.8262293853073464, 14.206896551724142
0.8330509745127439, 12.827586206896555
0.877481259370315, 13.448275862068975
0.8895727136431786, 12.827586206896555
0.8665592203898052, 8.689655172413794
0.8820314842578711, 7.517241379310356
0.8619115442278862, 10.068965517241388
0.8038305847076461, 7.241379310344833
0.8070614692653673, 7.379310344827587
0.7871664167916042, 8.896551724137936
0.7570464767616194, 7.448275862068975
0.7297226386806597, 8.137931034482762
0.7189280359820089, 7.793103448275872
-0.006574212893553422, 45.103448275862064
0.010802098950524558, 45.172413793103445
0.03255622188905527, 45.103448275862064
0.04667166416791585, 45.172413793103445
0.07710644677661155, 45.172413793103445
0.0966716641679159, 45.172413793103445
0.11949775112443767, 45.172413793103445
0.140134932533733, 45.241379310344826
0.16732383808095935, 45.172413793103445
0.18580209895052463, 45.172413793103445
0.19123688155922025, 45.172413793103445
0.19254872563718128, 44.137931034482754
0.19053973013493242, 43.37931034482758
0.19290854572713634, 42.48275862068965
0.19429535232383793, 41.103448275862064
0.19116941529235376, 40.48275862068965
0.17362818590704632, 41.172413793103445
0.13771364317841062, 41.37931034482759
0.15166416791604181, 42.206896551724135
0.15574212893553213, 43.44827586206896
0.13706896551724118, 44.34482758620689
0.16638680659670152, 44.48275862068965
0.17203148425787096, 43.51724137931034
0.17452023988005988, 42.068965517241374
0.1540029985007495, 41.44827586206896
0.13129685157421273, 40.89655172413793
0.11058470764617673, 41.172413793103445
0.08988755622188888, 41.37931034482759
0.12018740629685143, 42
0.12431034482758607, 43.03448275862068
0.09820839580209878, 43.103448275862064
0.0860419790104946, 44.068965517241374
0.07296851574212876, 44.206896551724135
0.051469265367316164, 43.103448275862064
0.028688155922038827, 42.89655172413793
0.02529235382308828, 43.51724137931034
0.0033883058470762784, 44.275862068965516
0.0026761619190402985, 42.55172413793103
0.0018590704647674094, 41.310344827586206
0.02358320839580194, 41.37931034482759
0.04206146926536716, 41.37931034482759
0.06384557721139414, 41.172413793103445
0.06805847076461749, 41.79310344827586
0.03428785607196383, 42.137931034482754
0.014602698650674484, 42.689655172413794
0.015344827586206727, 44.275862068965516
0.039152923538230716, 44.75862068965517
0.035029985007496045, 43.72413793103448
0.05130434782608678, 43.86206896551724
0.8303673163418293, 45.172413793103445
0.8455997001499251, 45.103448275862064
0.8607871064467765, 45.241379310344826
0.8760044977511245, 45.241379310344826
0.8945277361319341, 45.03448275862068
0.9097451274362818, 45.03448275862068
0.9217016491754122, 45.03448275862068
0.935832083958021, 45.03448275862068
0.9510644677661171, 44.96551724137931
0.9662818590704649, 44.96551724137931
0.9782383808095954, 44.96551724137931
0.9891229385307345, 44.89655172413793
0.9988905547226388, 44.96551724137931
1.0001124437781113, 44.34482758620689
1.0002323838080962, 43.79310344827586
1.00044227886057, 42.82758620689655
0.999505247376312, 42.137931034482754
0.9986131934032985, 41.241379310344826
0.8236431784107947, 41.103448275862064
0.8288680659670165, 42.068965517241374
0.8275712143928036, 43.03448275862068
0.8283883058470765, 44.275862068965516
0.8296401799100452, 43.51724137931034
0.8414017991004499, 44.41379310344827
0.8472263868065968, 42.62068965517241
0.8353748125937033, 42.137931034482754
0.856071964017991, 41.93103448275862
0.8744302848575713, 42.48275862068965
0.8743103448275862, 43.03448275862068
0.8556821589205397, 43.72413793103448
0.8524812593703148, 43.44827586206896
0.8699475262368817, 43.103448275862064
0.8696626686656672, 44.41379310344827
0.8859670164917541, 44.41379310344827
0.8959745127436283, 43.37931034482758
0.9026611694152926, 42.62068965517241
0.8864617691154424, 42.137931034482754
0.8702773613193404, 41.58620689655172
0.9007571214392804, 41.37931034482759
0.9137856071964019, 41.44827586206896
0.9257271364317841, 41.51724137931034
0.9331259370314844, 42.48275862068965
0.9154947526236883, 43.58620689655172
0.9141979010494754, 44.55172413793103
0.9157346326836584, 42.48275862068965
0.9415667166416792, 43.655172413793096
0.9305772113943029, 44.206896551724135
0.9631859070464768, 44.206896551724135
0.9654797601199403, 43.655172413793096
0.9493553223388307, 42.82758620689655
0.9659595202398803, 41.44827586206896
0.9463943028485757, 41.44827586206896
0.9570689655172415, 42.34482758620689
0.9722263868065968, 42.62068965517241
0.98, 41.86206896551724
0.9872338830584708, 43.58620689655172
0.9718665667166417, 44.275862068965516
0.9741904047976013, 43.58620689655172
0.9885307346326839, 42.62068965517241
0.8659745127436282, 41.37931034482759
0.8420764617691157, 41.310344827586206
