0.35784107946026983, 43.79310344827586
0.36871064467766107, 43.79310344827586
0.37849325337331324, 43.79310344827586
0.38610194902548717, 43.79310344827586
0.39053973013493243, 43.37931034482758
0.39174662668665655, 42.82758620689655
0.3919415292353822, 41.93103448275862
0.39215142428785593, 40.96551724137931
0.39017241379310336, 40.068965517241374
0.39027736131934027, 39.58620689655172
0.3904272863568215, 38.89655172413793
0.3894302848575711, 38.48275862068965
0.38959520239880047, 37.724137931034484
0.3897151424287855, 37.172413793103445
0.39098200899550223, 36.3448275862069
0.39221889055472253, 35.6551724137931
0.3923088455772113, 35.241379310344826
0.3914167916041979, 34.3448275862069
0.3904947526236881, 33.58620689655172
0.39061469265367305, 33.03448275862069
0.3941004497751123, 32
0.39209145427286357, 31.241379310344826
0.3922413793103448, 30.551724137931032
0.38920539730134923, 29.517241379310345
0.39157421289355315, 28.620689655172413
0.39173913043478253, 27.862068965517242
0.3929910044977511, 27.103448275862068
0.38757121439280356, 27.03448275862069
0.3799175412293852, 27.24137931034483
0.37229385307346313, 27.310344827586206
0.36356821589205396, 27.448275862068964
0.3580734632683658, 27.724137931034484
0.3579085457271363, 28.482758620689655
0.3588905547226387, 28.96551724137931
0.35760869565217385, 29.862068965517242
0.3596176911544227, 30.620689655172416
0.3583808095952024, 31.310344827586206
0.3592728635682158, 32.206896551724135
0.3612518740629684, 33.103448275862064
0.35891304347826075, 33.86206896551724
0.3587331334332832, 34.689655172413794
0.35746626686656674, 35.51724137931035
0.35730134932533725, 36.275862068965516
0.359175412293853, 37.6551724137931
0.3577886056971514, 39.03448275862068
0.36308845577211385, 39.6551724137931
0.35538980509745116, 40.068965517241374
0.35412293853073445, 40.89655172413793
0.3550899550224887, 41.44827586206896
0.3538680659670163, 42.068965517241374
0.3536881559220388, 42.89655172413793
0.3579010494752623, 43.51724137931034
0.36990254872563716, 43.310344827586206
0.37754122938530726, 43.172413793103445
0.3787181409295351, 42.75862068965517
0.3635457271364318, 42.55172413793103
0.36155172413793096, 41.72413793103448
0.37243628185907035, 41.6551724137931
0.381086956521739, 41.86206896551724
0.3657346326836581, 42.48275862068965
0.37667916041978994, 42.137931034482754
0.3813868065967015, 40.48275862068965
0.37164917541229386, 40.275862068965516
0.36719640179910035, 40.75862068965517
0.36819340329835076, 41.172413793103445
0.37473013493253365, 41.103448275862064
0.3772188905547225, 39.6551724137931
0.3719340329835082, 38.96551724137931
0.36661919040479757, 38.41379310344827
0.3764617691154422, 38.137931034482754
0.38085457271364315, 37.93103448275862
0.35901049475262364, 38.41379310344827
0.3592953523238381, 37.103448275862064
0.3670689655172414, 36.3448275862069
0.37890554722638675, 36.89655172413793
0.37010494752623674, 37.37931034482759
0.3822863568215891, 36.3448275862069
0.37589955022488747, 35.724137931034484
0.36942278860569716, 35.51724137931035
0.3618740629685157, 35.241379310344826
0.3652698650674662, 34.62068965517241
0.3718665667166416, 34.275862068965516
0.3827211394302848, 34.3448275862069
0.38581709145427273, 35.103448275862064
0.380367316341829, 35.172413793103445
0.3761094452773613, 34.758620689655174
0.36771364317841077, 33.37931034482759
0.3689205397301349, 32.827586206896555
0.376559220389805, 32.689655172413794
0.38410794602698645, 32.96551724137931
0.38075712143928025, 33.37931034482759
0.36979760119940025, 33.79310344827586
0.3698425787106447, 33.58620689655172
0.3735382308845577, 31.586206896551726
0.36819340329835076, 31.17241379310345
0.3682083958020989, 31.103448275862068
0.3684032983508246, 30.20689655172414
0.37821589205397305, 30.06896551724138
0.38153673163418284, 29.79310344827586
0.3707421289355322, 29.448275862068968
0.3654272863568216, 28.89655172413793
0.36983508245877056, 28.620689655172413
0.3763568215892054, 28.620689655172413
0.38396551724137923, 28.620689655172413
0.36778110944527725, 28.06896551724138
0.36891304347826087, 27.862068965517242
0.37869565217391304, 27.862068965517242
0.38301349325337325, 28
0.38171664167916036, 28.96551724137931
0.3772488755622188, 29.517241379310345
0.37934782608695644, 29.862068965517242
0.38026986506746624, 30.620689655172416
0.3779610194902549, 31.241379310344826
0.3746851574212893, 31.310344827586206
0.38326086956521727, 31.862068965517242
0.3853598200899549, 32.206896551724135
0.3679685157421289, 32.206896551724135
0.3647526236881558, 32
0.38342578710644665, 31.103448275862068
0.3704572713643178, 30.758620689655174
0.6686206896551723, 44.206896551724135
0.6794902548725636, 44.206896551724135
0.6925337331334334, 44.206896551724135
0.6915367316341829, 43.79310344827586
0.6917616191904048, 42.75862068965517
0.6887556221889055, 41.58620689655172
0.6867466266866566, 40.82758620689655
0.6803898050974513, 40.068965517241374
0.6783958020989505, 39.241379310344826
0.6774137931034483, 38.758620689655174
0.6775937031484258, 37.93103448275862
0.6766866566716643, 37.103448275862064
0.6746776611694154, 36.3448275862069
0.677016491754123, 35.58620689655172
0.6749925037481259, 34.89655172413793
0.6740554722638681, 34.206896551724135
0.6699025487256371, 33.310344827586206
0.6690104947526239, 32.41379310344827
0.6702173913043479, 31.862068965517242
0.6660644677661169, 30.96551724137931
0.6629235382308845, 30.413793103448274
0.6597976011994002, 29.79310344827586
0.6545427286356822, 28.96551724137931
0.6513718140929536, 28.551724137931036
0.6447301349325336, 29.10344827586207
0.6444752623688155, 30.275862068965516
0.6453523238380812, 31.241379310344826
0.6440704647676161, 32.13793103448276
0.6493403298350826, 32.89655172413793
0.651319340329835, 33.79310344827586
0.6564992503748126, 34.96551724137931
0.6562443778110945, 36.137931034482754
0.6603523238380811, 37.241379310344826
0.6612143928035983, 38.275862068965516
0.6631784107946026, 39.241379310344826
0.6662593703148425, 40.068965517241374
0.6670764617691154, 41.310344827586206
0.6689955022488754, 42.48275862068965
0.6698875562218891, 43.37931034482758
0.6773763118440779, 43.93103448275862
0.6850749625187407, 43.51724137931034
0.6775712143928037, 43.03448275862068
0.6820389805097451, 42.48275862068965
0.6745502248875561, 41.93103448275862
0.6790179910044978, 41.37931034482759
0.6823388305847076, 41.103448275862064
0.6716041979010494, 40.48275862068965
0.6738830584707647, 40
0.6729010494752623, 39.51724137931034
0.6697601199400298, 38.96551724137931
0.6741679160419791, 38.689655172413794
0.6667091454272864, 38
0.673335832083958, 37.51724137931034
0.6669340329835083, 36.96551724137931
0.6638530734632684, 36.137931034482754
0.6693928035982009, 35.6551724137931
0.6662968515742129, 34.89655172413793
0.6642278860569715, 34.41379310344827
0.6590179910044978, 33.37931034482759
0.6621139430284857, 34.13793103448276
0.6635607196401798, 32.48275862068965
0.652871064467766, 31.655172413793103
0.6551499250374813, 31.17241379310345
0.6626986506746626, 31.448275862068964
0.6570539730134934, 32.41379310344827
0.6542428785607197, 30.344827586206897
0.6488980509745126, 29.931034482758623
0.6489430284857571, 29.724137931034484
0.6601799100449774, 33.03448275862069
0.6686656671664168, 34
0.6577511244377812, 34.206896551724135
0.6573913043478261, 35.86206896551724
0.6670239880059969, 36.55172413793103
