0.18913793103448262, 44.82758620689655
0.2021964017991003, 44.75862068965517
0.21523988005996986, 44.75862068965517
0.2282683658170913, 44.82758620689655
0.22736131934032972, 44
0.22758620689655157, 42.96551724137931
0.22778110944527724, 42.068965517241374
0.22904797601199384, 41.241379310344826
0.22818590704647662, 40.206896551724135
0.22838080959520224, 39.310344827586206
0.22863568215892038, 38.137931034482754
0.2288605697151423, 37.103448275862064
0.22905547226386797, 36.206896551724135
0.23035232383808085, 35.241379310344826
0.23054722638680647, 34.3448275862069
0.22965517241379296, 33.44827586206897
0.230967016491754, 32.41379310344827
0.23114692653673152, 31.586206896551726
0.23026986506746616, 30.620689655172416
0.23260869565217385, 29.862068965517242
0.23283358320839576, 28.82758620689655
0.23299850074962514, 28.06896551724138
0.23645427286356813, 27.17241379310345
0.2366491754122938, 26.27586206896552
0.24227886056971504, 25.379310344827587
0.24457271364317829, 24.827586206896555
0.24691154422788592, 24.06896551724138
0.2514242878560719, 23.31034482758621
0.2548500749625187, 22.551724137931036
0.2582308845577211, 22.000000000000004
0.2451424287856071, 22.206896551724142
0.23851574212893545, 22.689655172413794
0.23508995502248864, 23.448275862068968
0.23054722638680653, 24.344827586206897
0.22604947526236868, 25.03448275862069
0.2237406296851573, 25.655172413793103
0.22132683658170904, 26.758620689655174
0.21566716641679146, 27.793103448275865
0.21437031484257862, 28.75862068965517
0.212031484257871, 29.517241379310345
0.20739880059970006, 30.82758620689655
0.20608695652173903, 31.862068965517242
0.2058920539730134, 32.758620689655174
0.20344827586206882, 34
0.19982758620689645, 35.6551724137931
0.19845577211394289, 36.96551724137931
0.19708395802098932, 38.275862068965516
0.1924362818590703, 39.6551724137931
0.19329835082458763, 40.689655172413794
0.19310344827586196, 41.58620689655172
0.1918515742128934, 42.34482758620689
0.1872638680659669, 43.44827586206896
0.19029985007496242, 44.48275862068965
0.19470764617691144, 44.206896551724135
0.20565217391304336, 43.86206896551724
0.19600449775112427, 43.241379310344826
0.20904797601199393, 43.241379310344826
0.2092578710644677, 42.275862068965516
0.20282608695652166, 41.86206896551724
0.1997301349325336, 41.103448275862064
0.2063718140929534, 40.55172413793103
0.21721139430284853, 40.689655172413794
0.2203373313343327, 41.310344827586206
0.21265367316341816, 41.6551724137931
0.21683658170914533, 42.41379310344827
0.2166866566716641, 43.103448275862064
0.21981259370314826, 43.72413793103448
0.21532983508245862, 44.34482758620689
0.20104197901049464, 40.068965517241374
0.21517241379310326, 40.068965517241374
0.21426536731634171, 39.241379310344826
0.20123688155922032, 39.172413793103445
0.2035457271364317, 38.55172413793103
0.214415292353823, 38.55172413793103
0.2187781109445276, 38.48275862068965
0.22107196401799084, 37.93103448275862
0.21892803598200888, 37.79310344827586
0.20698650674662655, 37.724137931034484
0.19614692653673155, 37.58620689655172
0.20287856071964006, 36.62068965517241
0.21371814092953506, 36.758620689655174
0.21910794602698636, 36.96551724137931
0.20816341829085444, 37.310344827586206
0.21497001499250368, 36
0.2041454272863567, 35.79310344827586
0.21620689655172398, 35.310344827586206
0.20772113943028475, 34.3448275862069
0.20646926536731625, 35.103448275862064
0.2206746626686656, 34.758620689655174
0.2165067466266865, 33.93103448275862
0.21229385307346316, 33.310344827586206
0.2222863568215891, 32.3448275862069
0.21259370314842568, 31.93103448275862
0.2145877061469264, 32.758620689655174
0.2220164917541228, 33.58620689655172
0.2192053973013493, 31.517241379310345
0.21503748125937017, 30.689655172413794
0.22377811094452765, 30.482758620689655
0.21630434782608687, 29.862068965517242
0.21964017991004492, 29.517241379310345
0.22510494752623678, 29.379310344827587
0.2198350824587706, 28.620689655172413
0.2254197901049474, 27.931034482758623
0.22670164917541225, 27.03448275862069
0.22682158920539724, 26.48275862068966
0.23131934032983498, 25.79310344827586
0.22925037481259364, 25.31034482758621
0.2337181409295352, 24.758620689655174
0.2393028485757121, 24.06896551724138
0.24482758620689643, 23.655172413793107
0.2471064467766116, 23.172413793103452
