0.38934782608695645, 43.86206896551724
0.40999999999999986, 43.86206896551724
0.42955022488755606, 43.93103448275862
0.44259370314842567, 43.93103448275862
0.468695652173913, 43.86206896551724
0.4849850074962518, 43.93103448275862
0.5056371814092953, 43.93103448275862
0.5241154422788605, 43.93103448275862
0.5425937031484258, 43.93103448275862
0.5675787106446775, 44
0.5827811094452773, 44.068965517241374
0.5990854572713642, 44.068965517241374
0.6175787106446775, 44
0.6317091454272863, 44
0.6425787106446776, 44
0.6523463268365817, 44.068965517241374
0.6697376311844077, 44.068965517241374
0.6676986506746627, 43.44827586206896
0.667863568215892, 42.689655172413794
0.665944527736132, 41.51724137931034
0.6661694152923539, 40.48275862068965
0.6630584707646177, 39.79310344827586
0.6643403298350825, 38.89655172413793
0.6623313343328334, 38.137931034482754
0.6604122938530734, 36.96551724137931
0.6562293853073464, 36.206896551724135
0.6575262368815593, 35.241379310344826
0.6544452773613194, 34.41379310344827
0.6524662668665666, 33.51724137931035
0.6493703148425787, 32.758620689655174
0.6485232383808095, 31.655172413793103
0.6443703148425786, 30.758620689655174
0.6456371814092954, 29.931034482758623
0.6458770614692655, 28.82758620689655
0.6471739130434784, 27.862068965517242
0.6441079460269865, 26.96551724137931
0.6453748125937031, 26.13793103448276
0.6444977511244379, 25.172413793103452
0.6447076461769117, 24.20689655172414
0.6438455772113945, 23.172413793103452
0.640704647676162, 22.620689655172416
0.627856071964018, 21.724137931034488
0.6170914542728636, 21.24137931034483
0.60308095952024, 20.689655172413797
0.5868665667166417, 20.275862068965523
0.5728410794602699, 19.793103448275865
0.5533808095952024, 19.31034482758621
0.5371964017991004, 18.758620689655178
0.5285457271364318, 18.551724137931036
0.5155472263868066, 18.3448275862069
0.4982308845577212, 18.000000000000004
0.48743628185907045, 17.655172413793107
0.46578710644677673, 17.241379310344833
0.43642428785607196, 17.310344827586214
0.4254497751124438, 17.793103448275865
0.41882308845577204, 18.27586206896552
0.40996251874062967, 19.034482758620694
0.40440779610194905, 19.586206896551726
0.3933283358320839, 20.55172413793104
0.39530734632683645, 21.448275862068968
0.3939805097451274, 22.551724137931036
0.3948875562218889, 23.37931034482759
0.3936056971514243, 24.27586206896552
0.394542728635682, 24.965517241379313
0.39332083958020986, 25.586206896551726
0.39191904047976006, 27.03448275862069
0.3927811094452773, 28.06896551724138
0.3914842578710644, 29.034482758620687
0.3923013493253373, 30.275862068965516
0.39317841079460264, 31.241379310344826
0.3917616191904047, 32.758620689655174
0.3926236881559219, 33.79310344827586
0.39242878560719624, 34.689655172413794
0.3932608695652173, 35.86206896551724
0.3919040479760119, 37.103448275862064
0.39273613193403295, 38.275862068965516
0.3912443778110943, 40.137931034482754
0.39098950524737613, 41.310344827586206
0.39195652173913037, 41.86206896551724
0.39177661169415284, 42.689655172413794
0.3894677661169415, 43.310344827586206
0.41232383808095946, 43.172413793103445
0.43844077961019484, 43.03448275862068
0.453703148425787, 42.82758620689655
0.4560869565217391, 41.86206896551724
0.42347826086956525, 41.86206896551724
0.41183658170914533, 40.41379310344827
0.41950524737631184, 40.137931034482754
0.43902548725637175, 40.3448275862069
0.4650224887556222, 40.75862068965517
0.43772863568215875, 41.310344827586206
0.4757721139430284, 41.310344827586206
0.48004497751124436, 41.6551724137931
0.47110944527736115, 42.75862068965517
0.5090779610194902, 43.103448275862064
0.5374587706146927, 42.55172413793103
0.5247001499250374, 41.241379310344826
0.5128485757121439, 40.75862068965517
0.4961544227886057, 42.55172413793103
0.5092128935532234, 42.48275862068965
0.5408245877061468, 42.068965517241374
0.5680584707646177, 41.79310344827586
0.5769640179910045, 40.82758620689655
0.5716941529235382, 40.068965517241374
0.5487631184407795, 40.55172413793103
0.5551499250374812, 41.172413793103445
0.5919565217391305, 41.86206896551724
0.5961844077961018, 42.41379310344827
0.573208395802099, 43.103448275862064
0.625367316341829, 43.172413793103445
0.6351949025487256, 42.96551724137931
0.6355547226386806, 41.310344827586206
0.6312068965517241, 41.310344827586206
0.5981184407796103, 43.51724137931034
0.5950074962518741, 42.82758620689655
0.617031484257871, 41.51724137931034
0.6157796101949025, 42.275862068965516
0.6407496251874063, 42.41379310344827
0.6495502248875562, 41.93103448275862
0.643433283358321, 40.068965517241374
0.604287856071964, 40.137931034482754
0.5965592203898051, 40.689655172413794
0.5697151424287856, 39.172413793103445
0.5664542728635682, 39.172413793103445
0.5304647676161918, 39.72413793103448
0.5162893553223387, 39.93103448275862
0.49559220389805086, 40.137931034482754
0.4717841079460268, 39.6551724137931
0.4621814092953523, 38.82758620689655
0.4327136431784107, 39.37931034482759
0.42511994002998493, 39.310344827586206
0.4101874062968515, 38
0.41461019490254863, 37.6551724137931
0.4450299850074962, 37.724137931034484
0.42967766116941525, 38.34482758620689
0.4067166416791603, 38.96551724137931
0.4044677661169414, 39.310344827586206
0.40437781109445264, 39.72413793103448
0.4575337331334333, 40.206896551724135
0.488583208395802, 37.37931034482759
0.43652923538230887, 36.82758620689655
0.40752623688155915, 35.241379310344826
0.401079460269865, 34.89655172413793
0.41664167916041966, 33.310344827586206
0.4254122938530735, 32.96551724137931
0.45658920539730125, 34.55172413793103
0.4303823088455771, 35.103448275862064
0.4311694152923537, 36.48275862068965
0.4616341829085458, 36.3448275862069
0.47366566716641684, 36
0.4642503748125935, 39.310344827586206
0.4991229385307346, 38.89655172413793
0.4731409295352324, 38.41379310344827
0.461184407796102, 38.41379310344827
0.5308095952023988, 38.137931034482754
0.5600374812593703, 38.689655172413794
0.5741829085457271, 38.62068965517241
0.588553223388306, 37.51724137931034
0.5680209895052473, 36.96551724137931
0.6296926536731635, 38.275862068965516
0.6393703148425787, 38.758620689655174
0.6067166416791605, 38.96551724137931
0.6035457271364317, 38.55172413793103
0.6245127436281859, 37.103448275862064
0.6202998500749626, 36.48275862068965
0.5910569715142429, 36
0.5847451274362818, 35.03448275862069
0.5531934032983508, 35.172413793103445
0.511056971514243, 34
0.5046101949025488, 33.6551724137931
0.46562968515742115, 32.96551724137931
0.4612668665667165, 33.03448275862069
0.44728635682158907, 32.3448275862069
0.4415367316341829, 33.79310344827586
0.4263793103448275, 33.51724137931035
0.41701649175412275, 31.586206896551726
0.41712143928035966, 31.103448275862068
0.4075337331334333, 30.20689655172414
0.4047301349325337, 33.103448275862064
0.45401799100449775, 31.379310344827587
0.4302098950524738, 30.896551724137932
0.4219940029985008, 28.689655172413794
0.4610944527736131, 28.82758620689655
0.4223238380809596, 27.17241379310345
0.4225337331334334, 26.206896551724142
0.41869565217391297, 23.862068965517242
0.42323838080959525, 22.96551724137931
0.4754722638680659, 22.689655172413794
0.41159670164917544, 21.517241379310345
0.44985007496251866, 20.55172413793104
0.44353823088455774, 19.586206896551726
0.44912293853073465, 18.896551724137936
0.4904272863568216, 18.896551724137936
0.47709895052473766, 20.206896551724142
0.4685232383808095, 19.655172413793107
0.46147676161919043, 22.06896551724138
0.4378185907046476, 20.896551724137932
0.4347976011994002, 19.793103448275865
0.42282608695652163, 19.862068965517242
0.4323238380809596, 21.17241379310345
0.4547601199400299, 22.96551724137931
0.43622188905547227, 23.241379310344833
0.4339130434782608, 23.862068965517242
0.43690404797601196, 25.10344827586207
0.4575562218890555, 25.10344827586207
0.46172413793103445, 25.93103448275862
0.4474587706146927, 26.551724137931036
0.4712218890554723, 27.24137931034483
0.48849325337331334, 27.793103448275865
0.4970089955022489, 28.620689655172413
0.489295352323838, 29.10344827586207
0.5426011994002999, 28.89655172413793
0.5124512743628187, 27.586206896551722
0.5069715142428786, 27.793103448275865
0.5197001499250375, 29.24137931034483
0.5275487256371814, 28.13793103448276
0.5377511244377811, 26.206896551724142
0.5019565217391304, 25.862068965517242
0.48791604197901056, 25.448275862068968
0.4828410794602697, 23.793103448275865
0.5154197901049475, 23.931034482758623
0.5125862068965519, 26.96551724137931
0.4692728635682159, 26.206896551724142
0.4945127436281859, 25.10344827586207
0.5184257871064468, 25.10344827586207
0.5632308845577212, 24
0.5470914542728635, 23.241379310344833
0.5221664167916042, 22.896551724137932
0.49952023988005995, 22.06896551724138
0.5246551724137929, 21.448275862068968
0.5052698650674663, 20.620689655172416
0.4944002998500749, 20.620689655172416
0.5141154422788607, 19.931034482758623
0.5066266866566718, 19.37931034482759
0.45898050974512744, 18.551724137931036
0.4405172413793104, 18.48275862068966
0.46343328335832085, 18.06896551724138
0.4721139430284857, 18.13793103448276
0.4774137931034484, 18.758620689655178
0.49249625187406293, 19.37931034482759
0.4703673163418291, 21.17241379310345
0.4638305847076461, 21.24137931034483
0.4907796101949025, 22.27586206896552
0.4981034482758621, 23.586206896551726
0.5099700149925037, 24
0.5600599700149924, 23.586206896551726
0.5968515742128935, 24.344827586206897
0.5716866566716641, 25.10344827586207
0.5630359820089954, 24.896551724137932
0.5524212893553222, 23.724137931034484
0.5659595202398802, 21.448275862068968
0.5378185907046478, 20.896551724137932
0.5357046476761618, 20.620689655172416
0.5628785607196403, 20.620689655172416
0.544055472263868, 22.206896551724142
0.5689955022488755, 22.48275862068966
0.58547976011994, 21.655172413793107
0.5888755622188906, 21.03448275862069
0.6060269865067465, 22.13793103448276
0.5775712143928038, 23.03448275862069
0.6230884557721139, 23.655172413793107
0.6230584707646176, 23.793103448275865
0.5959895052473763, 23.31034482758621
0.600367316341829, 23.172413793103452
0.6352698650674662, 22.620689655172416
0.6151949025487256, 24.965517241379313
0.6248275862068966, 25.655172413793103
0.6204047976011993, 26
0.6105472263868066, 26.3448275862069
0.5725337331334333, 26.206896551724142
0.5757196401799101, 26.551724137931036
0.6007646176911543, 26.3448275862069
0.5928710644677662, 27.655172413793107
0.5895202398800599, 28.06896551724138
0.5593853073463269, 26.689655172413794
0.5505697151424287, 27.24137931034483
0.5688380809595204, 28.20689655172414
0.5676011994002998, 28.89655172413793
0.5511319340329834, 29.655172413793103
0.5814767616191905, 30.06896551724138
0.6043778110944527, 29.724137931034484
0.6231259370314841, 28.482758620689655
0.6299625187406297, 27.03448275862069
0.6323913043478262, 25.862068965517242
0.6132608695652173, 23.862068965517242
0.5987706146926537, 25.517241379310345
0.6051499250374812, 31.17241379310345
0.5810719640179909, 31.93103448275862
0.5993703148425786, 32.758620689655174
0.6071289355322338, 32.06896551724138
0.595247376311844, 31.724137931034484
0.6215142428785607, 30.896551724137932
0.6216941529235382, 30.06896551724138
0.6283508245877061, 29.448275862068968
0.6313868065967017, 30.482758620689655
0.63215892053973, 31.93103448275862
0.621064467766117, 32.96551724137931
0.6155247376311843, 33.44827586206897
0.6295502248875562, 33.93103448275862
0.631664167916042, 34.206896551724135
0.6271814092953523, 34.827586206896555
0.6042203898050975, 35.44827586206896
0.5969265367316343, 34
0.604505247376312, 34.13793103448276
0.6087331334332833, 34.689655172413794
0.6269865067466267, 35.724137931034484
0.6311544227886057, 36.55172413793103
0.6418590704647675, 37.310344827586206
0.6409820089955023, 36.3448275862069
0.6488155922038981, 35.310344827586206
0.6044602698650676, 34.3448275862069
0.5751574212893553, 34.13793103448276
0.5549100449775111, 32.275862068965516
0.5473313343328337, 32.13793103448276
0.5382908545727136, 33.724137931034484
0.5556371814092953, 33.93103448275862
0.5173538230884556, 35.03448275862069
0.5117541229385307, 35.79310344827586
0.5324062968515741, 35.79310344827586
0.4794752623688155, 34.275862068965516
0.49140179910044973, 34.41379310344827
0.4792653673163418, 35.241379310344826
0.4863268365817091, 32.758620689655174
0.5016641679160418, 32.206896551724135
0.45955772113943033, 30.896551724137932
0.4628635682158921, 30.689655172413794
0.4392053973013493, 29.517241379310345
0.4381184407796102, 29.517241379310345
0.4067166416791604, 28.96551724137931
0.4130284857571213, 29.931034482758623
0.43470764617691154, 30.20689655172414
0.4509220389805097, 30.620689655172416
0.4673913043478261, 29.862068965517242
0.4738680659670164, 30.06896551724138
0.4800899550224887, 31.448275862068964
0.5086056971514243, 30.275862068965516
0.5075487256371816, 30.137931034482758
0.48165667166416776, 29.24137931034483
0.46446026986506744, 28.344827586206897
0.4527286356821589, 27.310344827586206
0.44939280359820083, 27.655172413793107
0.44152923538230876, 28.82758620689655
0.4080284857571214, 27.931034482758623
0.40817841079460265, 27.24137931034483
0.4094302848575711, 26.48275862068966
0.4095952023988005, 25.724137931034484
0.41203898050974513, 24.482758620689655
0.4133658170914542, 23.37931034482759
0.41251874062968524, 22.27586206896552
0.4580809595202399, 22.689655172413794
0.4642128935532234, 24.482758620689655
0.44902548725637176, 24.344827586206897
0.45785607196401795, 23.724137931034484
0.4772113943028486, 24.689655172413797
0.48986506746626673, 26.48275862068966
0.511559220389805, 26.689655172413794
0.5247826086956522, 25.862068965517242
0.5336581709145427, 25.03448275862069
0.5402398800599699, 24.758620689655174
0.5253373313343328, 23.31034482758621
0.5362068965517242, 23.31034482758621
0.552151424287856, 24.965517241379313
0.5456746626686657, 24.758620689655174
0.5262443778110943, 24.137931034482758
0.5453298350824587, 26.3448275862069
0.5320764617691154, 27.310344827586206
0.5309745127436283, 27.379310344827587
0.5525337331334332, 28.20689655172414
0.5568365817091454, 28.413793103448278
0.5681334332833583, 31.448275862068964
0.581311844077961, 30.82758620689655
0.6012368815592204, 29.172413793103452
0.5892653673163417, 29.24137931034483
0.5776686656671663, 27.586206896551722
0.5897301349325337, 27.103448275862068
0.5879310344827586, 25.379310344827587
0.5826761619190404, 24.55172413793104
0.5938455772113944, 23.172413793103452
0.5635907046476762, 22.3448275862069
0.5387856071964017, 21.448275862068968
0.5346026986506747, 20.689655172413797
0.5520539730134932, 20.41379310344828
0.5261169415292355, 19.724137931034484
0.5142053973013494, 19.51724137931035
0.5102398800599701, 22.758620689655174
0.5548275862068965, 37.6551724137931
0.5501499250374813, 39.172413793103445
0.5295577211394302, 38.89655172413793
0.5079685157421288, 38.206896551724135
0.4949850074962519, 37.93103448275862
0.48514242878560715, 38.206896551724135
0.49243628185907035, 39.6551724137931
0.5097376311844077, 40.068965517241374
0.4942053973013493, 41.51724137931034
0.48880059970014994, 41.37931034482759
0.5442203898050975, 41.44827586206896
0.5541079460269864, 40.96551724137931
0.5868965517241378, 40.137931034482754
0.585974512743628, 39.37931034482759
0.5915142428785607, 38.89655172413793
0.5862593703148424, 38.06896551724138
0.5820014992503748, 37.6551724137931
0.5604572713643179, 36.758620689655174
0.589775112443778, 36.89655172413793
0.6100974512743627, 38.41379310344827
0.6132083958020988, 39.103448275862064
0.6347976011994001, 39.79310344827586
0.6193853073463269, 40.689655172413794
0.6284107946026987, 39.172413793103445
0.48685157421289343, 40.3448275862069
0.4420614692653673, 41.37931034482759
0.44410044977511237, 42
0.416791604197901, 42.62068965517241
0.403095952023988, 40.62068965517241
0.4140254872563717, 40.3448275862069
0.3974512743628185, 41.58620689655172
0.40394302848575697, 41.72413793103448
0.41156671664167904, 41.6551724137931
0.42913793103448267, 40.82758620689655
0.39955772113943017, 36.89655172413793
0.4182008995502248, 36.137931034482754
0.42146176911544225, 36.137931034482754
0.4169190404797601, 37.03448275862069
0.43098950524737617, 37.310344827586206
0.4624962518740629, 37.37931034482759
0.4712518740629685, 37.103448275862064
0.46712893553223384, 36.06896551724138
0.465134932533733, 35.241379310344826
0.5042653673163418, 35.241379310344826
0.5251574212893553, 34.13793103448276
0.5415067466266865, 33.93103448275862
0.5286881559220389, 32.89655172413793
0.5156746626686657, 32.758620689655174
0.5189955022488757, 32.48275862068965
0.5666416791604196, 33.310344827586206
0.567488755622189, 34.41379310344827
0.5879160419790104, 35.44827586206896
0.5813193403298351, 35.79310344827586
0.5747826086956522, 35.86206896551724
0.5640479760119941, 35.241379310344826
0.566086956521739, 35.86206896551724
0.5741604197901049, 33.724137931034484
0.5807871064467767, 33.241379310344826
0.5939055472263868, 32.89655172413793
0.6036281859070465, 33.172413793103445
0.6220914542728635, 33.241379310344826
0.6183808095952024, 35.310344827586206
0.6170839580209895, 36.275862068965516
0.6060194902548726, 37.172413793103445
0.6070614692653673, 37.37931034482759
0.6243778110944527, 37.724137931034484
0.6297526236881559, 38
0.6443553223388305, 40.82758620689655
0.6582008995502246, 42.137931034482754
0.6569490254872563, 42.89655172413793
0.6546701649175413, 43.37931034482758
0.6296551724137931, 43.44827586206896
0.6069940029985008, 42.689655172413794
0.605937031484258, 42.55172413793103
0.5656746626686657, 42.75862068965517
0.5689805097451275, 42.55172413793103
0.5897526236881558, 42
0.5307196401799099, 38.55172413793103
0.5339505247376313, 38.689655172413794
0.5412593703148425, 40.068965517241374
0.5547226386806596, 38.137931034482754
0.5480434782608696, 33.86206896551724
