-0.0038070328392909303, 43.17567567567568
0.016623074687590778, 43.17567567567568
0.03381284510316765, 43.24324324324325
0.056393490264457974, 43.24324324324325
0.0735977913397268, 43.24324324324325
0.08650101714617847, 43.24324324324325
0.10691659401336817, 43.310810810810814
0.12842197035745417, 43.310810810810814
0.1445655332752107, 43.24324324324325
0.16392037198488812, 43.24324324324325
0.18003487358326065, 43.310810810810814
0.19293809938971224, 43.310810810810814
0.19415867480383614, 42.63513513513514
0.1943185120604476, 41.891891891891895
0.19449287997675097, 41.08108108108109
0.19574251671025866, 40.270270270270274
0.19699215344376636, 39.45945945945947
0.19721011333914562, 38.44594594594595
0.19848881139203717, 37.50000000000001
0.1986631793083406, 36.68918918918919
0.20101714617843647, 35.74324324324325
0.20233943621040396, 34.5945945945946
0.20363266492298754, 33.58108108108109
0.20604475443185122, 32.36486486486487
0.20839872130194714, 31.41891891891892
0.2107962801511189, 30.270270270270274
0.2142109851787271, 29.391891891891895
0.21765475152571928, 28.378378378378383
0.22002324905550708, 27.36486486486487
0.22239174658529492, 26.351351351351354
0.2268671897704156, 25.540540540540544
0.23028189479802386, 24.662162162162165
0.23477186864283633, 23.783783783783786
0.24032258064516132, 22.972972972972975
0.2479802383028189, 22.364864864864867
0.2588055797733217, 22.027027027027028
0.26537343795408314, 21.486486486486488
0.2697907585004359, 20.945945945945947
0.2785091543156059, 20.40540540540541
0.287227550130776, 19.864864864864867
0.2948561464690497, 19.391891891891895
0.30464981110142403, 18.85135135135135
0.3143998837547225, 18.513513513513516
0.3273757628596338, 18.175675675675677
0.3380412670735252, 18.581081081081084
0.34221156640511485, 19.189189189189193
0.34524847428073246, 20.06756756756757
0.3461784365010171, 20.743243243243246
0.35482417901772734, 20.540540540540544
0.3698779424585876, 20.540540540540544
0.38487358326068, 20.810810810810814
0.3946236559139784, 20.472972972972975
0.40443185120604475, 19.864864864864867
0.4078610868933451, 18.918918918918923
0.41660854402789893, 18.243243243243242
0.4295989537925021, 17.83783783783784
0.440438825922697, 17.432432432432435
0.45873292647486197, 17.364864864864863
0.475922696890439, 17.432432432432435
0.4919645451903517, 17.83783783783784
0.5080063934902646, 18.243243243243242
0.5219122348154607, 18.581081081081084
0.5379686137750654, 18.918918918918923
0.5539523394362104, 19.594594594594597
0.5700087183958151, 19.932432432432435
0.5817349607672189, 20.40540540540541
0.5988666085440278, 20.743243243243246
0.608456843940715, 21.14864864864865
0.6201830863121186, 21.621621621621625
0.6308340598663179, 22.094594594594597
0.6371839581517001, 22.567567567567572
0.642720139494333, 21.824324324324326
0.6482708514966581, 21.013513513513516
0.6567131647776809, 21.756756756756758
0.6576285963382739, 22.500000000000004
0.6693984306887534, 22.77027027027027
0.6843795408311538, 23.108108108108112
0.6884481255448999, 24.18918918918919
0.6904388259226969, 24.932432432432435
0.6901627433885499, 26.21621621621622
0.6899302528334786, 27.2972972972973
0.6896396396396397, 28.648648648648653
0.6904678872420809, 29.797297297297302
0.6934902644580064, 30.743243243243246
0.7019471083987214, 31.41891891891892
0.7147486195873294, 31.891891891891895
0.729642545771578, 32.63513513513514
0.7425021795989539, 32.83783783783784
0.7509444928799768, 33.58108108108109
0.7626707352513805, 34.054054054054056
0.7754141238012207, 34.797297297297305
0.7870822435338566, 35.54054054054055
0.7965852949723917, 36.351351351351354
0.8018453937808777, 36.891891891891895
0.8081226387678, 37.70270270270271
0.8090816623074689, 38.24324324324325
0.815387968613775, 38.91891891891892
0.8183958151700088, 39.932432432432435
0.8192967160709096, 40.74324324324325
0.8223626852659112, 41.48648648648649
0.8232635861668121, 42.297297297297305
0.824179017727405, 43.04054054054055
0.8251380412670737, 43.58108108108109
0.8444928799767509, 43.58108108108109
0.8724643998837548, 43.513513513513516
0.8875036326649229, 43.58108108108109
0.9036326649229874, 43.58108108108109
0.9165358907294391, 43.58108108108109
0.9326649229875036, 43.58108108108109
0.9477186864283639, 43.58108108108109
0.9670735251380415, 43.58108108108109
0.9789014821272887, 43.58108108108109
0.9928945074106365, 43.513513513513516
0.9930979366463238, 42.56756756756757
0.9912089508863705, 41.351351351351354
0.9903371113048535, 40.40540540540541
0.9926765475152571, 39.52702702702703
0.9918918918918921, 38.17567567567568
0.9932432432432433, 36.891891891891895
0.9924149956408025, 35.74324324324325
0.9937372856727694, 34.5945945945946
0.9918192385934322, 33.513513513513516
0.993112467306016, 32.5
0.9933158965417034, 31.554054054054056
0.9935629177564663, 30.405405405405407
0.9926620168555654, 29.594594594594597
0.991862830572508, 28.310810810810814
0.9931124673060158, 27.500000000000004
0.993344957861087, 26.418918918918923
0.99247311827957, 25.472972972972975
0.9937663469921535, 24.459459459459463
0.9940569601859927, 23.108108108108112
0.9942749200813717, 22.094594594594597
0.9966724789305433, 20.945945945945947
0.9958587619877944, 19.72972972972973
0.9971374600406858, 18.783783783783786
0.9962656204591692, 17.83783783783784
0.9964545190351645, 16.95945945945946
0.9945364719558268, 15.878378378378383
0.9947544318512062, 14.86486486486487
0.9960621912234816, 13.783783783783782
0.9962510897994771, 12.905405405405403
0.9964981110142402, 11.756756756756758
0.9967160709096196, 10.743243243243242
0.9969776227840746, 9.527027027027025
0.9993315896541702, 8.58108108108108
0.9963382737576286, 7.5
0.9987358326068007, 6.351351351351354
0.9979221156640513, 5.135135135135137
0.9970502760825343, 4.189189189189186
0.9984016274338857, 2.9054054054054035
0.9975443185120604, 1.8918918918918948
0.9966724789305436, 0.9459459459459438
0.996817785527463, 0.2702702702702737
0.9731182795698926, 0.47297297297296836
0.9526881720430108, 0.47297297297296836
0.9300929962220287, 0.5405405405405403
0.917189770415577, 0.5405405405405403
0.8946381865736707, 0.4054054054054035
0.8688172043010755, 0.47297297297296836
0.8483870967741937, 0.47297297297296836
0.8247311827956989, 0.47297297297296836
0.8043010752688171, 0.47297297297296836
0.7752688172043011, 0.47297297297296836
0.7591397849462366, 0.47297297297296836
0.73546934030805, 0.5405405405405403
0.7118279569892473, 0.47297297297296836
0.6903225806451613, 0.47297297297296836
0.6602150537634409, 0.47297297297296836
0.639799476896251, 0.4054054054054035
0.6139639639639639, 0.5405405405405403
0.5870967741935483, 0.47297297297296836
0.5602150537634408, 0.47297297297296836
0.5408602150537635, 0.47297297297296836
0.5150682941005522, 0.4054054054054035
0.4946236559139784, 0.47297297297296836
0.46777099680325496, 0.3378378378378386
0.43657367044463824, 0.4054054054054035
0.4139784946236559, 0.47297297297296836
0.38926184248764895, 0.4054054054054035
0.36345539087474577, 0.4054054054054035
0.3344231328102296, 0.4054054054054035
0.3107672188317349, 0.4054054054054035
0.2924876489392618, 0.4054054054054035
0.27098227259517577, 0.4054054054054035
0.24192095321127582, 0.5405405405405403
0.21826503923278118, 0.5405405405405403
0.1967741935483871, 0.47297297297296836
0.1774193548387097, 0.47297297297296836
0.15913978494623654, 0.47297297297296836
0.1333333333333333, 0.47297297297296836
0.10967741935483866, 0.47297297297296836
0.09033711130485317, 0.4054054054054035
0.06559139784946233, 0.47297297297296836
0.034423132810229545, 0.4054054054054035
0.013978494623655857, 0.47297297297296836
0.001075268817204239, 0.47297297297296836
0.001859924440569538, 1.8243243243243228
0.0037053182214472347, 3.243243243243242
0.004489973844812534, 4.5945945945945965
0.0009444928799766938, 6.081081081081088
0.002877070619006078, 7.0945945945945965
0.0015693112467305703, 8.175675675675677
0.0012641673931996222, 9.59459459459459
0.0009880848590525793, 10.878378378378386
0.000624818366753821, 12.567567567567565
0.0014675966288869302, 13.648648648648653
0.0011769834350479347, 15
0.0009009009009008917, 16.283783783783786
0.0006829410055216312, 17.2972972972973
0.0014675966288869302, 18.648648648648653
0.0012786980528915748, 19.52702702702703
0.0009735541993606267, 20.945945945945947
0.0006829410055216312, 22.297297297297302
-0.0016855565242662185, 23.310810810810814
0.00023249055507118532, 24.391891891891895
-0.001191514094739915, 26.013513513513516
-0.0004213891310665685, 27.432432432432435
0.000348735832606778, 28.851351351351354
-0.0020633536762569293, 30.067567567567572
-0.0012496367335077252, 31.283783783783786
-0.0015111886079628156, 32.5
-0.0006974716652136392, 33.71621621621622
-0.002077884335948882, 35.13513513513514
-0.0012932287125835829, 36.48648648648649
-0.0026736413833188255, 37.90540540540541
-0.003981400755594305, 38.98648648648649
-0.004184829991281613, 39.932432432432435
-0.0033565823888404844, 41.08108108108109
-0.0024992734670154226, 42.0945945945946
