phase1v2,,phase2v2,,phase3v2,,phase1,,phase2,,phase3,
X,Y,X,Y,X,Y,X,Y,X,Y,X,Y
0.7935975344542534,45.41419677142751,1.2745280791360578,0.196939193975318,9.536343188059995,0.2399060507773143,-0.38152076341790986,43.42081955653599,-0.010095273344520983,11.022672886342022,-0.004734951214686589,-0.20720197566159015
0.9213485938684407,43.24795884129293,1.1462799338875769,2.254874547962558,10.089599721631924,0.7806733027625512,-0.009586817788635571,42.968004997243355,2.0053347967863595,8.696675962145918,0.013592245400652736,1.3973211152022529
0.9737911493867095,39.6738806248369,1.2941629695907686,4.474890951795089,13.398948663460459,1.80507400365358,0.3641832040179711,42.81530308037906,4.049327726266215,6.531488701844843,0.041568021849695214,2.7880694544595883
0.8246653990977819,37.18310778063602,1.445277063216885,7.39887410058531,15.950241707986919,2.668046079856836,0.7235130684405138,42.39507604132587,5.978737388884989,4.418245515516212,0.031077105681304396,4.766538827238094
0.9553989735177417,35.66668530738546,1.8707825373746338,10.10587928270514,21.395817022704392,4.122767773925361,1.1294352284539477,41.89419108163888,8.013234890591995,2.145979439335825,0.011141812427014397,6.530978194975333
1.148268277224762,32.68808485255191,2.2269445376480306,12.704675092271557,27.666803365271093,5.413917160645717,1.4917021005687414,41.513326663338376,9.980779416363019,0.1401979490386509,-0.028090640494680574,8.72296706592558
0.9377524264002197,31.82194385415502,2.648721868048561,14.599410953286352,30.840447874336697,6.871714573313952,1.861300580180235,41.25372887949625,-0.07196870592889759,40.64751415061229,-0.028371419272910092,9.311198606316246
0.9260709092942534,29.276833314692613,3.9036150567299153,18.009264437236702,32.287961823807926,7.248816314357079,2.227260737447342,40.875924237120735,-0.05162500717900098,38.02746526957954,-0.028830875455467364,10.273759308773698
1.2578757036871266,26.568802893039557,5.297692279014274,21.74383924244119,27.532590190011057,6.17222160086493,2.5601238544484963,40.1719894217152,-0.030592124155269573,33.9635753348606,-0.03847945528916874,10.487534060380199
1.176602169779656,23.86133169295008,7.521157215822235,26.181262349476196,26.08383352595409,5.524363419453458,2.959187518194255,40.10676823676872,-0.02819274186858145,28.93686944424946,2.024708532484191,8.108699675189996
1.0252395332363946,20.88319725608619,8.358746846611734,28.671103157737765,35.18224409399893,7.840565932222347,3.2476533493897457,39.52924114395853,-0.004658375184259711,19.632371240595504,2.0347655178135002,7.0393154102879905
0.8773564975332029,18.66318085225366,2.521219351551519,16.819800171494613,37.18202040537349,8.54182977295605,3.5513224590516326,39.610912778145405,-0.040215178645496064,14.123874491886127,1.998289801987148,3.4559400664935183
0.6603785308628076,16.389106363941387,3.565845232325483,19.41766394512172,38.973269209260714,8.810162919882195,3.924144480405529,38.790388779987204,-0.011014185709635527,12.947794291256926,2.0181485192110116,1.8519274824991854
0.5820875119611166,14.331450620735936,5.096372516124212,22.88129590277001,41.93614932458462,9.34766804607986,4.299761522197864,39.08073991632227,-0.0319449673594665,16.797781847651986,2.009674105177178,-0.3941751166189107
0.5045421218108785,12.436248741751477,6.624662913668612,25.85756626775529,44.348009792590936,9.831767512955302,4.639008138258964,38.93626047636543,-0.0057814902971773385,21.985297402158164,2.0096996305206534,-0.4476507111998771
0.4988256347164679,11.190769116057112,8.430078663833271,29.212522834880513,47.24154643403049,10.261063266599564,5.048133902525652,38.69026755913432,0.04031728001940005,25.408373588927102,3.992176482224789,6.263344968635735
-0.12054331481689573,11.245759236476154,9.886291615404684,31.484919658502033,49.65365544495396,10.799314021548682,5.394770950657298,38.54381727143243,0.029877414537961222,27.279891772543664,4.012749909065965,3.1620157363742507
-0.04772024009246323,12.112086642060916,13.060184667387432,32.99686835924393,52.96002187177671,11.17389926555569,5.78651073043819,38.341148652837504,1.95213998098362,40.13981506888652,4.013005162500718,2.6272597905645583
0.029825150057778416,14.007288521045368,19.335644782462808,35.26274093129032,54.6130808137295,11.334116243522352,6.152377127621184,38.15977138667631,2.010490916168392,37.894605856790065,4.004607324497311,0.2207304077035488
-0.03032223589208982,15.902676807217688,22.369359629173964,36.2333631584834,58.53981036175421,11.870316519404994,6.4932172609738945,38.16009469731118,2.050744382829101,33.56359320260103,3.99478006725928,0.8088343213768354
-0.08997253600766442,17.90636766953733,24.230946078614117,36.82651083025762,61.91527171954417,12.298959847891744,6.884000804647908,38.02561768012059,2.081042965534406,30.08806243499014,3.973925861639876,4.498395094028979
-0.01242714585741922,19.80156954852179,27.67773925362561,37.796573835887116,64.25828579950044,12.783152518361113,7.3828771970157785,37.846018622451176,2.035863107582943,24.739864843306293,5.997906921835016,4.258073985208064
0.20455082081297604,22.07564403683406,30.91749617865264,38.65861387615107,68.38956616833812,12.885862878872615,7.748603492923664,37.95815352764471,2.008882819529441,21.263568315391144,5.998264276643672,3.5094156610744918
0.006959201680142968,24.025370018267907,32.98611887807727,39.35978451329084,71.9718152331954,13.368377884651245,8.114323053193324,38.08439959492261,1.9739641496550893,14.418181702157533,6.008117059225178,2.8678361528202245
0.15434515154903394,26.137083845953104,37.3274180119052,40.220333296051905,76.79280219711939,13.740912649591777,8.480209657290999,37.86068884250833,1.9747554353028272,12.760438270147475,6.008474414033833,2.1191778286866523
0.10314531061650101,29.981918502777468,41.25489318868135,40.91898743615555,79.54690626203882,13.791335793908225,8.845987144049404,37.865578915860716,2.014141040285374,10.247595831711408,6.028154453853368,0.8894944067591126
0.06188718636989776,35.99280468254856,44.90698281325728,41.61801439063491,80.44240639252382,13.898426723334467,9.178512132011592,37.87002443709016,3.9874287683383645,36.209805560696076,6.018965330202223,0.14070845590816106
0.002236886254323167,37.99649554486821,50.97068436292236,42.746989523916056,80.7128210863811,12.815028147485378,9.710479367858248,38.02953782156837,3.969969433401188,32.78711225407927,8.013336991965897,1.9320770610119524
0.011432974188807066,40.000093203593934,53.58734419465882,42.851750363494034,80.6345300674794,10.75737240427992,10.066193811106375,38.217175189897205,3.9340552751312967,28.027273829503468,8.013566720057176,1.4507967097832193
0.43370739042363127,42.003131640756074,56.6175794405299,43.06425455765576,81.03145310616512,7.236979457927902,10.441929265418729,38.25945209678919,3.935969675891952,24.016604235930746,8.02336845195173,0.9161683906909062
0.23661285712509184,44.061160198337255,59.854602393468305,43.33063042910936,81.28720376791063,2.9586548857324075,10.791123687842399,38.173647186316366,3.9000555176220586,19.25676581135495,8.023521604012583,0.5953148232050793
0.17571984242378136,45.79409462028856,64.26226248617479,43.64957312753982,81.41619754191055,1.0631733959661602,1.7499792606584275,43.66652415016559,3.929945694831756,16.636844557039566,8.042767712993037,0.27471650915402535
10.089848264549072,45.83482459083623,68.73752625234562,43.69766618200799,81.3463569821919,0.8466614472654115,-0.016757387991600314,44.979803071975084,3.921879686293529,13.535132444625958,8.95899991704263,0.7682490252509382
20.27936223887459,45.87518174700817,76.31062893785185,43.687413786675634,81.20791857734034,0.6843939902322731,0.9665809440548299,44.88599743470298,3.9320387729967394,12.251845801400059,8.97850127945784,-0.08710523460981534
30.400526910984347,46.023934682921386,81.74874796505489,43.51759683853411,78.31562465048654,0.5258546769563495,2.016846726693768,44.579182806128635,3.9616226460847312,10.273631682056326,9.388897751855371,0.13228509256127552
40.3129155326896,45.685605636953376,2.858492090121654,0.30309808746224576,76.66380842311946,0.6363941393580177,2.952273989036865,44.85906819733643,3.9146304887465138,8.722201305621319,8.376817883055635,0.4396102280051295
50.29738160036785,46.05115013234912,5.269109843542228,0.516441113969357,72.3269830618002,0.7505685419229877,4.012009674105176,44.71280797922237,5.9729686612595465,36.50372989081534,8.36696510047413,1.0811897362593825
60.27886515304031,45.76687917086085,7.747331270427118,0.45893449651418194,67.02481701027725,0.5411400663609669,5.0430548731071365,44.67311607011812,5.984965572692987,31.37020043775964,7.489097487668067,0.2138385649651866
70.33018926543141,45.69912015807331,9.333283624749903,0.9983036945904615,62.688488734792294,0.7636170450732678,5.9881051899404625,44.792702304300384,5.976925089498234,28.215012730765057,7.4312825846962784,1.3360602908612833
80.10563073978798,45.523431383514165,12.642632566578435,2.0227043954814903,58.62530912525322,0.49835961674682494,6.980938949759743,44.80597548290759,6.094750074980695,21.371668145009476,7.411679120907168,2.4053169290459238
82.37830717419132,45.68280952913546,14.851682014191795,3.3193527942437413,55.251587567883284,0.4487753047757579,7.964302807149647,44.65869425105451,5.982413038345445,16.717759895856595,6.983338332046429,-0.2207304077035559
0.07903664765312257,9.729243559631655,17.748698256471428,4.506766580919361,50.63962519728094,0.6174738097901127,8.99522037943423,44.88638031485512,5.946881760227685,11.155787552566252,6.972975042595417,1.4903609921701033
0.06188718636989776,5.9928046825485595,22.98748586412158,5.907616597696006,45.88997005057849,0.7863587219923218,9.969088809051286,44.63202026712272,5.891006783360027,8.213864090308661,6.934176520512803,2.773264755243865
-0.16254706781494122,2.0941915520262313,26.780002236886254,7.202121313797861,42.51649703612572,0.7909256980949237,10.809255489544178,44.48282463450899,5.930494489716477,5.487119273548721,6.582258610017419,0.04128724307145859
0.6655979321229246,2.5262834134884216,31.53636804235171,8.495321179584685,35.42407635238414,0.5297692279014257,-0.016221355778617053,43.856815585774726,5.920922485913199,5.5404672414123155,6.543587714652185,1.056813033240374
0.8216828840920023,6.533292323752001,36.360834607115784,9.625973977556576,29.777429817693772,0.26665548223539304,0.9957053609602649,43.87034401781669,5.888377672982061,13.721850332148534,6.523933200176124,2.2330208605869544
1.396562651455831,11.785221638146368,41.391094707278576,10.593893300525671,24.890330437808345,0.4898780896991397,2.0173572335632755,43.50967091450924,6.007096045486161,25.006859936059016,6.494783257927212,3.3021498720542155
1.5471796592476537,14.600902210789243,46.76484111894022,11.398892741304117,19.382370850886673,0.44318308913991444,3.0291818489282556,43.73710172487509,6.031728001939925,33.40291116542337,6.81147619442654,-0.16955209403537452
2.389740148380117,18.173768780524178,51.79559830493731,12.475114640420543,13.598777168847626,0.3427096148827502,3.9649919914234855,43.214853197368335,7.912205581116348,33.802382790813425,6.791923781324382,0.7927533549873331
3.2260870645838686,20.392853148417405,55.79216841268066,13.22782686500392,10.707228870745247,0.3466241658278335,5.034223104264646,43.175671795133596,7.90692183501694,24.87183086907413,6.772524520283074,1.4342052365242068
3.8573860741403436,22.93712485553443,60.54729150356038,14.250270290422407,15.322670842187676,0.9360436938448302,6.065625658075261,42.38732156189577,7.862303534621937,18.347170196608957,6.7435787807819665,2.0755294913437083
5.2454982664131435,25.372068746970886,65.43687631261727,14.56856056369535,16.560911655420092,0.7177608768594013,7.02014587733796,42.66746220653832,7.894439942057469,11.02139661916825,6.723949791649382,3.1982617241093223
6.5632728131330005,27.48219811355926,69.50005592215635,14.833817992021785,18.841292920255,2.555828952764408,7.755326820116521,42.46338708545247,7.9060284479953005,6.743476679408069,6.333922543345221,0.3053469213245066
7.396388671413831,28.9973157364948,73.97730803166436,15.315121351079313,21.105767438392427,0.9282145919546636,8.146834538342256,42.25471740254105,7.917080921720149,3.5885442258482385,6.266280383135404,2.015672560893897
7.955113149163026,30.729411326100738,78.38372540978514,15.363307609141415,22.418322583852166,1.9011669089960037,8.97727606297102,42.47972330527673,7.933621344292211,8.93635893737995,6.274984525260516,3.780494808783267
8.583429643713721,32.62386757633375,81.06823745790305,15.251370092830783,25.178143135865987,3.197069679006823,10.065574607388307,42.49427275105771,7.854645931579315,14.389848570899836,5.026182621069893,0.02048408813900693
11.68574233555779,33.54024531185923,81.96324050255379,15.250158446109687,26.61372702531409,0.9749095925138889,10.8581109969561,42.13053660653321,7.8437466099153195,17.223927456973843,5.082414952746207,2.213749226263026
21.754215909232123,37.2089251761548,81.88271259739776,42.70514111024123,28.82426773043035,2.5964657197181538,0.9771484362536458,42.747101278181574,7.822407422769881,21.92952452666441,5.081547091068044,4.03191944201599
32.02674321788515,40.3358125489319,81.94211435459619,40.64729895984791,32.82431743901378,4.107295977332882,1.950940289840276,42.65316801419209,7.934233952535621,27.65294466743668,5.071592207112635,4.887401328594123
39.677639836458766,42.27491332065766,81.79721383389878,39.0770980128994,33.08503895910226,0.9119971666107389,3.077603425501095,42.29389880477579,7.943193348095489,28.88301096951636,4.520244788043929,-0.039755722462942344
51.869912637164624,43.66634977444732,81.78975754638432,37.45255937068936,34.46594340677776,1.7765537039108281,3.9944227124506253,41.55749264551041,7.988526358107805,33.910354993714385,4.5385209339723165,1.6717185575628335
50.21735078104613,43.61443537262798,81.7122121562341,35.5573574917049,37.92317538430949,5.020970808634381,5.054158397518936,41.41123242739635,7.872922077507706,36.10132285092561,4.5378062243550055,3.169035205829985
63.23279772334687,44.35493792640646,81.83623507189105,32.578850240465286,38.93598777168848,0.6874697088319692,6.018505874019667,41.10326915836561,9.981979107506364,37.62684500373308,4.508630756762619,4.29163981187822
68.3962768271011,44.34794765686166,81.54196025798754,28.463725161242234,40.05144838384968,3.718450583454498,7.106855469123905,41.01086741498465,9.888888179851568,32.65233844052914,4.479378713139809,5.574671201669361
72.7321080167518,44.01716810200203,81.79547403347874,23.698038996383712,43.02103915793659,5.718040487641204,7.736974098157708,40.9123395891696,9.77736795420753,26.287211164785237,5.558717861997229,4.359154345370662
79.20491120804286,44.279163404540895,81.85139618983709,20.88207881295904,44.44668133069879,1.3298288782015462,8.099689228943186,41.024140593591866,9.67598128992323,18.692272840396406,5.597618485453744,2.8623482039730135
81.88992034199507,44.27552846437761,81.8374777864768,17.849606680833624,11.324609476941426,-0.14157625918055317,9.03532069403409,40.876221228151906,9.775019622607795,11.206965866234441,5.5508305308633314,0.8831130708902606
4.8572742298276275,45.787756775901286,81.76291491133233,16.604220258733193,14.21690340379525,0.01696305409536336,10.152284199174254,40.83767795950404,9.902110307771826,4.951980447586891,5.503532069403407,-0.026610170573114544
3.9473586101479974,42.53989113820229,14.279784761833746,28.717238936733406,18.278840298748584,0.011464042053461299,10.887465141952815,40.6336028384182,9.998825834200128,2.33295258029316,3.4415437727733917,-0.16112873068848899
3.923747033018916,37.395518771203825,26.75763337434291,32.32850538716774,21.85835539151723,-0.10168512097827431,3.0494744969912015,41.22400403300427,9.970747956377185,1.1561066193596972,3.507450209626884,1.7648860612480561
3.9642595285140807,31.222178727211723,33.92262858989176,33.40183797487232,26.95273956430426,-0.16273347500278845,3.9949332193201337,40.48798075389102,0.9022315531533383,39.69797137332729,3.4780450139432184,3.368771018525017
3.2519355279672837,26.02458710807889,47.00866172066261,34.52130634157254,32.25540270166151,0.15499757670656322,5.045224527302546,40.127690530735705,0.8473520646812216,34.67049972241189,3.467911452583483,4.598582067169936
2.405646895077602,21.639451217238935,63.181597882414344,33.199772583230825,37.07415277933117,0.04017074898408168,5.999923423969573,40.03350201331146,0.966351215963551,25.367277785931705,3.4484356155117504,5.40046073244973
7.6096384943269975,45.45912090370206,60.818948912003385,28.437628154941667,41.20443897650027,-0.07372404279908551,7.174318951929395,39.674870937482055,1.084916436406798,16.973140957328003,3.4381999527781137,6.844174159418529
7.047185872820581,42.9147559929911,47.25471920863935,28.131081534503977,43.82060172240242,-0.07726577936844592,7.737841959835871,39.094169373416634,1.0106376868933746,12.587121187949478,2.9831596546421024,0.15359875436323733
7.09217214082441,37.716139134325026,28.998993401185544,25.664821235506846,47.2616784103195,-0.352682399433327,8.109950417020297,39.526951572042094,1.0207457229096346,11.410785733885525,3.010012315978226,3.8972732551832436
6.173060433210296,32.464675837900316,11.14217897575464,20.11137829474705,51.874883495507596,-0.2506244640793298,9.102835227526528,39.43327356148736,3.0745914349709964,8.604018965330205,2.9613610113141084,5.821756526511251
5.614584498378253,30.786731536368045,16.61708235469559,12.955951981508406,57.58913370366229,-0.25836036237556925,8.404640507443828,42.15121213474829,3.091923143190796,12.294090244851859,2.931955815630444,7.425641483788212
5.603648610023729,28.40407486112665,31.99269283823584,17.917086082839354,62.752364264499384,-0.3195019199940319,8.405151014313335,41.0817002431289,3.29673849923743,23.205919327151946,2.5060144090563923,-0.22711174357240793
11.806285650374669,44.803620027588266,44.82098696392399,22.881668717145743,67.9163404540879,-0.21818961339148046,8.434428583279622,39.745193258756785,3.225829095062761,31.761121073085437,2.5524194834946745,2.554257308224898
12.047123737091297,37.276218170972676,56.04990741776336,24.382712597397767,74.93867203519366,-0.227696379972393,8.681641534838901,41.8340597420664,3.1671463304128094,34.7015130147345,2.4746692872685974,5.440918401858241
12.246952242478464,35.813853782201846,67.94964520498579,22.03808298848005,80.2395953721309,-0.2890243447787242,8.7971437140651,39.856994263179054,3.089779014338862,36.7860401896533,2.445264091584933,7.0448033591352015
12.446035119114185,34.18903552921001,54.23131889298984,18.15773776236812,82.16828840920107,-0.07502889311410854,8.807047547333555,39.10846356576286,3.0599654131595915,39.24553466022577,2.444728059371949,8.16779084533556
15.523990605077728,44.79858703351602,34.25070524052741,14.881538232114238,82.37283923001405,14.491481191514751,8.212536772447942,44.60853695112535,4.999023655612065,36.91851672229065,1.5605812120709355,0.45543594095988027
15.71313176502752,41.00771725757746,18.05042935788937,10.246430302352458,82.43398078763252,12.812698057637114,8.642179353825929,44.507328964245374,4.936103683945197,28.735857364380657,1.6254921605288843,4.466998921554236
15.63334948862294,38.625153785929996,11.145410033677564,5.815345039704724,82.35668394039942,10.971647466726324,9.434409439272015,44.78529995469252,4.95818310605142,22.47946805184197,1.5863873343245687,6.39160981959963
15.619679628179782,35.646832941878245,7.345188830481295,2.842150393319166,82.4158371546807,8.859654028259342,10.465454638273975,44.74560804558826,4.969414257180597,18.950206436215357,1.4895186558354125,9.331491254379188
8.325442095713868,36.41483055586624,3.6267382470268004,2.684729523170411,82.4071381525805,6.9643589456809565,6.417696720631497,44.79844550658235,5.037975329755531,15.314759391731066,1.4607260683951586,9.65196194171287
4.875666405696595,34.79495209335272,3.1013185201754645,8.208906535436,82.53836881283476,5.556239048577723,7.477381355012856,44.75913647763023,5.077616188172831,12.267161007485306,1.0163298384883892,0.66206359639326
22.616162745902145,45.00559221563584,4.506580173731489,14.380289303955557,82.60075308503897,4.1482123550684165,4.565654374086671,44.82716151799218,5.079020082063979,9.326003305531977,1.0623265074310662,4.299042161486085
23.28474319303085,40.67255713380309,6.452422672084893,18.330723632703275,82.52594166697736,2.8486746448943165,3.5155417435085865,44.813122579080705,5.051478236454017,7.0261698583981556,1.0422635874594,6.33085950212817
23.137605786079106,38.61499459419156,4.913942014937426,13.134250456697607,82.51649703612571,0.7909256980949237,2.4081502421716965,44.798317879864975,5.061254443005097,6.545017133886802,1.0220985661138307,8.576579221094143
26.26551839838944,45.108955001304864,4.690004846586877,9.343939902322631,82.51575140737427,0.6284718338739168,1.482167356914497,44.73246249369843,7.0285437153413675,5.073991589399327,1.0215625339008478,9.699566707294501
26.521517603052104,40.884781717183024,5.435136512197236,6.68950154717966,75.41612297903544,13.796928009544061,1.3874683326207529,43.12691838909557,7.017312564212192,8.603253205025936,0.5391080168722531,0.4417798822005423
26.16833811778448,38.93580136450062,9.122022145173911,14.96970883197256,42.45908362226448,3.2819781530775813,2.4373512351075584,43.622237679235774,6.9190399918318874,14.484292341758824,0.6046570989170887,3.1164529982706526
28.85608122382532,39.527830593147684,9.468988057512828,15.564906982813255,42.68426350520077,7.343045147820902,2.466628804073846,42.285730694863666,6.94630105866362,17.372357329283314,0.5937322519096155,6.004007478925637
28.389814711255262,42.940014166946284,9.231878114553425,8.904578160533866,45.984664902011964,6.417999478059883,2.51474407652498,41.484234909736,7.039749341127068,21.598205568353677,0.5735417052205718,8.303202792472575
28.81457455666157,45.484565484845106,8.251873392238,5.386049286060469,47.13989238091688,3.1131864444693065,3.5064547212313433,43.850434249905874,7.047202741421888,25.983331950710564,0.5345134550466804,10.067386906775063
24.393990232263356,42.349755806583914,10.239222557755152,3.3797487231107652,50.10202686748935,3.4882377064459575,3.497674003075804,42.24603878575941,7.025965655650353,30.475026642077253,,
18.886776274093123,42.465514670245696,13.202351215996224,3.9714051373820993,51.43024021672941,7.872721172128401,3.5268494706681905,41.12343417971118,7.014989757955929,33.46953231189417,,
18.2480209770222,38.29670432091862,12.880239595372124,8.79133579390821,54.804458859933625,8.030608060246806,4.594753265648631,43.86498369568685,6.995028939358164,35.28744727421238,,
18.10237482757335,36.564049509749104,13.254048142763054,15.23487305670507,57.26055996719234,3.153636804235177,4.5667009131691625,42.63466214017242,6.994620533862557,36.1430567875079,,
32.2573910449987,45.588207881295915,17.59932396326535,16.961842448644816,59.186519032173884,2.771968087089448,4.57670684781152,41.67222906443235,8.922779454651034,36.65011773564678,,
31.970075432775346,42.98931886813557,21.85686413401433,14.573407150579726,61.96398613130521,7.912612310330694,4.615403268520232,40.60322767968247,8.878237730286457,29.965030279438697,,
31.96286768817805,41.41893151399919,20.170500441163675,7.15691757074152,62.794616560414575,8.886217052529553,5.5202766947232735,44.89339978431085,8.862718321453412,22.4781917846682,,
36.182380792603354,45.745349140662874,16.799015770048086,7.594694851433474,67.12000894754502,6.281083398575859,5.511827806032915,42.59382159061178,8.972094418245513,13.335269005213554,,
35.964160111347226,43.20051821198226,12.892169655395243,11.390597621444279,68.69229144142466,3.8421317526003875,5.541233001716579,40.98993663333482,9.011862903380193,10.020292648062942,,
35.81677416147833,41.08880438429707,11.587567883284244,12.150486522760318,71.52344381066001,5.679454199753948,5.522829229070814,39.54584032621389,8.946951954922241,6.008729667468593,,
44.028632144055486,45.24736233829178,10.953037815804834,23.90224807068561,72.920255005033,10.009693173768795,6.4181306514705785,43.88936039870587,8.929058689145984,3.4951214687282572,,
43.88472579502666,43.89376654363794,17.617716139134316,20.969037766096264,76.28179795946266,7.405864370130118,6.428800245043298,41.536561863860584,8.948432424843816,2.90714518177235,,
43.80817457654499,42.215169816948155,23.3123314568343,16.683350109980246,77.50413202599762,3.721899116429938,6.429387327943232,40.30662318849828,8.931177292654441,19.05664711850779,,
47.26689781157962,45.78449465011372,25.979445500751837,12.780822428512849,78.95562266214318,4.965421466651762,6.487176705571544,39.237877057183155,8.832138959969878,26.54195409266976,,
46.63634443077458,43.4026768072177,24.312965241273034,9.696435894568097,79.5277684574184,9.621686612235777,6.809204438857231,44.58977582367093,8.952746207891158,33.869769697588495,,
54.08045334228088,45.287905901651584,22.45386422100436,9.644801103530547,76.36754526587879,11.088058755545624,6.8293694602028,42.34405610470496,10.631420421551047,37.04729208012405,,
54.14432887198796,44.20478693658429,20.603213659918723,11.434310106997728,72.37520038772698,11.255918428214606,6.8302628472244376,40.472410294371024,10.50956243179947,32.33978060967283,,
57.935602530166896,45.2285352123178,15.29657383588711,25.250158446109683,68.29984217524762,8.337247884278426,6.897777380716878,39.02946262770648,10.399292947985728,23.354349199461417,,
58.000969317376864,44.470323975692516,22.78591755831438,21.990921969951167,66.0291540841815,8.611080043246474,9.472927182576399,44.09062773200942,10.478625715507283,17.15220124180796,,
64.40790863562367,45.382227938709335,27.250742521964973,19.764660925325284,61.701773353713854,10.78300339261083,9.474203449750169,41.41684800296094,10.423388872226509,12.873387915026136,,
68.26430053809543,45.5936136897439,29.711565944649486,15.91656414271334,56.80075557046812,7.973753867949156,9.494087692317507,39.75935982438564,10.522197476819795,5.869361292092883,,
75.35522996433411,45.529862431495374,30.44277920689955,10.229653655444956,59.550385862878876,7.049453826939576,9.532682011652318,38.90426081795963,10.57102745888824,3.570548858698082,,
78.04073618412059,45.634530067479425,29.68273496626029,9.635014726167839,60.44066659210379,6.019367706818777,9.542636895607725,38.04877893138149,10.56275724760221,0.8966415029322192,,
38.176937702717815,45.30943593184954,29.063117473809783,9.635853558513219,60.44041804918664,5.965216418745108,9.75911733362262,44.522261290178484,10.582386236734795,-0.22609072983338052,,
38.3752749506021,43.522163814636706,20.339758167741607,29.03394474890952,52.09360126259802,2.402509040748612,9.779129202907333,42.59739513869834,10.582386236734795,-0.22609072983338052,,
41.47460512744037,43.78872609327817,25.41649579341113,25.128154941654554,49.6404826703451,7.9292957536442685,9.7706547888735,40.351292539580236,0.5437281040413002,30.762697263045045,,
21.572033950962478,42.51603101815607,29.464017199169867,21.9818812213399,46.81877493196138,8.149722253290086,9.818974264072438,39.12199199780482,0.8786716611255412,29.05594517156221,,
14.96402341274279,42.79573500354174,35.098733673837124,19.64573313946986,45.36927263915296,7.3394102076576075,10.467956121934565,39.50499977665325,1.7665452085739628,28.960863267116338,,
11.103654823596656,41.71792864332849,39.20515975095999,14.33331469261455,44.182480209770226,3.7670096558923305,10.495625594261899,41.53745525088222,2.397276445851175,27.57892117135801,,
9.852986864506821,39.22864705663051,40.365358088207884,12.111527420497339,39.37590873504082,6.535249599224549,10.45687812286624,42.71340782479405,2.6175346347004296,26.138015532171504,,
4.209074301905073,39.561197479774826,26.47379736295965,30.48773440703874,35.658203780337764,6.540282593296801,10.255942619027866,43.67328836618658,2.734364131787349,21.380219135073737,,
72.87825125203494,45.85812548931889,35.27221663000659,27.443332214890212,34.00141669462774,5.567796294225104,10.830875455467845,39.18899602442775,2.8410345421710583,17.90570938120186,,
,,37.24838136425207,23.000223688625436,36.189588537200656,2.3157364947992463,,,2.8717670557154436,13.521093505714482,,
,,40.99963961277014,15.305614584498379,76.56364562750875,8.813425045669774,,,0.5998328090002372,13.223340374073906,,
,,43.05508953758589,13.136766953733733,74.40852999291653,4.267606158893493,,,0.7401711474280037,19.214521367903156,,
,,42.935788937354765,17.144148678373043,75.22027116032262,1.1257130074935873,,,1.1112330655299387,21.839802944348367,,
,,42.9725732890927,25.15853931327593,73.80084256048914,6.867706818774941,,,1.6177069307688874,20.777055268749958,,
,,42.10888665200263,31.98281325727921,67.75453901502442,9.529321850650575,,,4.5818119165066005,30.97711014823843,,
,,40.466763598404356,34.20525295455394,65.2817855323168,10.77815680572644,,,4.536989413363793,24.880254232421017,,
,,41.02200847531347,35.17923051112852,63.352098323578026,10.347556201767148,,,4.483998800308857,15.89558858251386,,
,,47.154059327194325,36.199809864668396,58.59473834644398,8.837751183685647,,,4.686899755594835,10.818087258386669,,
,,51.412593669611915,34.02797971889797,52.33220246306032,9.387745591470008,,,4.784457618357825,6.434364769920933,,
,,50.41891908685333,27.531130000372826,59.013781704755864,10.136822875890097,,,5.661789198950906,8.424703427415494,,
,,48.39379139792964,21.306434776124973,56.25843492525073,9.815643291205319,,,5.592794195536891,12.969235579776267,,
,,51.876126210093325,15.020131976289015,73.80829884800357,8.49224546098499,,,5.570331893278539,20.0277588110295,,
,,58.8427841777579,17.880736681206436,69.67975245125453,8.985199269283832,,,5.595014900419253,28.316858851231917,,
,,59.500925822366376,26.27334750027962,70.10302103915794,11.20484285874064,,,5.545470208733496,32.11298793289387,,
,,54.91481191514743,32.07377996495546,73.54807441374939,11.79584684785447,,,5.46759238579004,35.26702699943206,,
,,56.584523232549195,35.8621332438579,79.12587456038972,12.05905379711443,,,5.4578672299259114,35.64122853478147,,
,,64.02763797238688,37.5307571859971,32.4723806683319,2.429072065018829,,,10.205325862916142,29.71539242024926,,
,,68.82675315960185,33.137978600454844,30.828269271396437,4.218301457704207,,,9.636519108910257,21.36554206257538,,
,,65.218407088444,26.969578346941073,30.697535696976473,5.734723930954779,,,9.441531010101652,29.865609066602,,
,,63.05210702258011,19.986951496849734,,,,,,,,
,,65.04094744560018,18.305558662342037,,,,,,,,
,,76.87979221812128,17.69386347537563,,,,,,,,
,,77.92342392722662,20.07512209670806,,,,,,,,
,,70.10973169792095,27.666927636729685,,,,,,,,
,,70.26407684947,31.29487753047759,,,,,,,,
,,73.37409437174566,33.88994519628679,,,,,,,,
,,74.56660328822281,38.70782537374643,,,,,,,,
,,69.13867452062286,41.09784513290834,,,,,,,,
,,69.81222582609453,37.84783581254895,,,,,,,,
,,75.95446693757845,41.088617977109216,,,,,,,,
,,72.51686985050145,42.12215263020544,,,,,,,,
,,79.12363767413538,41.57169220445142,,,,,,,,
,,76.46522263231805,32.3695149684972,,,,,,,,
,,74.91704880140179,25.061141557618473,,,,,,,,
,,73.65942164063179,21.055623904857782,,,,,,,,
,,72.26683567585033,17.6459568280953,,,,,,,,
,,70.13185201754715,17.486392275286143,,,,,,,,
,,70.50615765077234,24.03823211423034,,,,,,,,
,,73.90001118443126,28.474070760168527,,,,,,,,
,,78.3061800196349,28.46810573015697,,,,,,,,
,,57.96493059439039,21.61838720501063,,,,,,,,
,,52.31008214343412,19.568280952913554,,,,,,,,
,,51.50703997812821,24.605469186891856,,,,,,,,
,,60.280107867626036,31.03763561122918,,,,,,,,
,,60.93352719680872,38.40137195690267,,,,,,,,
,,39.47184630106003,27.43764679566045,,,,,,,,
